Año,ID_ESTADO,NOMBRE_ESTADO,ID_DISTRITO_LOCAL,CABECERA_DISTRITAL_LOCAL,Partido,Votos,NUM_VOTOS_VALIDOS,NUM_VOTOS_CAN_NREG,NUM_VOTOS_NULOS,TOTAL_VOTOS,LISTA_NOMINAL,votos_coalicion,Coalición
2022,23,QUINTANA ROO,1,KANTUNILKIN,PAN,4160,41748,55,2003,43806,93477,4160,No
2022,23,QUINTANA ROO,1,KANTUNILKIN,PRI,928,41748,55,2003,43806,93477,928,No
2022,23,QUINTANA ROO,1,KANTUNILKIN,PRD,368,41748,55,2003,43806,93477,368,No
2022,23,QUINTANA ROO,1,KANTUNILKIN,PVEM,11975,41748,55,2003,43806,93477,11975,No
2022,23,QUINTANA ROO,1,KANTUNILKIN,PT,1675,41748,55,2003,43806,93477,1675,No
2022,23,QUINTANA ROO,1,KANTUNILKIN,MC,1983,41748,55,2003,43806,93477,1983,No
2022,23,QUINTANA ROO,1,KANTUNILKIN,MORENA,10802,41748,55,2003,43806,93477,10802,No
2022,23,QUINTANA ROO,1,KANTUNILKIN,MAS,5616,41748,55,2003,43806,93477,5616,No
2022,23,QUINTANA ROO,1,KANTUNILKIN,CXQROO,390,41748,55,2003,43806,93477,390,No
2022,23,QUINTANA ROO,1,KANTUNILKIN,FXMQROO,2906,41748,55,2003,43806,93477,2906,No
2022,23,QUINTANA ROO,1,KANTUNILKIN,PAN_PRD_CXQROO,83,41748,55,2003,43806,93477,5001,Sí
2022,23,QUINTANA ROO,1,KANTUNILKIN,PAN_PRD,67,41748,55,2003,43806,93477,4595,Sí
2022,23,QUINTANA ROO,1,KANTUNILKIN,PAN_CXQROO,5,41748,55,2003,43806,93477,4555,Sí
2022,23,QUINTANA ROO,1,KANTUNILKIN,PRD_CXQROO,1,41748,55,2003,43806,93477,759,Sí
2022,23,QUINTANA ROO,1,KANTUNILKIN,PVEM_PT_MORENA_FXMQROO,46,41748,55,2003,43806,93477,27404,Sí
2022,23,QUINTANA ROO,1,KANTUNILKIN,PVEM_PT_MORENA,52,41748,55,2003,43806,93477,24504,Sí
2022,23,QUINTANA ROO,1,KANTUNILKIN,PVEM_PT_FXMQROO,20,41748,55,2003,43806,93477,16576,Sí
2022,23,QUINTANA ROO,1,KANTUNILKIN,PVEM_MORENA_FXMQROO,27,41748,55,2003,43806,93477,25710,Sí
2022,23,QUINTANA ROO,1,KANTUNILKIN,PT_MORENA_FXMQROO,14,41748,55,2003,43806,93477,15397,Sí
2022,23,QUINTANA ROO,1,KANTUNILKIN,PVEM_PT,59,41748,55,2003,43806,93477,13709,Sí
2022,23,QUINTANA ROO,1,KANTUNILKIN,PVEM_MORENA,328,41748,55,2003,43806,93477,23105,Sí
2022,23,QUINTANA ROO,1,KANTUNILKIN,PVEM_FXMQROO,68,41748,55,2003,43806,93477,14949,Sí
2022,23,QUINTANA ROO,1,KANTUNILKIN,PT_MORENA,72,41748,55,2003,43806,93477,12549,Sí
2022,23,QUINTANA ROO,1,KANTUNILKIN,PT_FXMQROO,16,41748,55,2003,43806,93477,4597,Sí
2022,23,QUINTANA ROO,1,KANTUNILKIN,MORENA_FXMQROO,87,41748,55,2003,43806,93477,13795,Sí
2022,23,QUINTANA ROO,10,PLAYA DEL CARMEN,PAN,6474,27395,62,1338,28795,87264,6474,No
2022,23,QUINTANA ROO,10,PLAYA DEL CARMEN,PRI,535,27395,62,1338,28795,87264,535,No
2022,23,QUINTANA ROO,10,PLAYA DEL CARMEN,PRD,337,27395,62,1338,28795,87264,337,No
2022,23,QUINTANA ROO,10,PLAYA DEL CARMEN,PVEM,7518,27395,62,1338,28795,87264,7518,No
2022,23,QUINTANA ROO,10,PLAYA DEL CARMEN,PT,526,27395,62,1338,28795,87264,526,No
2022,23,QUINTANA ROO,10,PLAYA DEL CARMEN,MC,1714,27395,62,1338,28795,87264,1714,No
2022,23,QUINTANA ROO,10,PLAYA DEL CARMEN,MORENA,6762,27395,62,1338,28795,87264,6762,No
2022,23,QUINTANA ROO,10,PLAYA DEL CARMEN,MAS,1506,27395,62,1338,28795,87264,1506,No
2022,23,QUINTANA ROO,10,PLAYA DEL CARMEN,CXQROO,985,27395,62,1338,28795,87264,985,No
2022,23,QUINTANA ROO,10,PLAYA DEL CARMEN,FXMQROO,223,27395,62,1338,28795,87264,223,No
2022,23,QUINTANA ROO,10,PLAYA DEL CARMEN,PAN_PRD_CXQROO,197,27395,62,1338,28795,87264,7993,Sí
2022,23,QUINTANA ROO,10,PLAYA DEL CARMEN,PAN_PRD,89,27395,62,1338,28795,87264,6900,Sí
2022,23,QUINTANA ROO,10,PLAYA DEL CARMEN,PAN_CXQROO,72,27395,62,1338,28795,87264,7531,Sí
2022,23,QUINTANA ROO,10,PLAYA DEL CARMEN,PRD_CXQROO,7,27395,62,1338,28795,87264,1329,Sí
2022,23,QUINTANA ROO,10,PLAYA DEL CARMEN,PVEM_PT_MORENA_FXMQROO,33,27395,62,1338,28795,87264,15062,Sí
2022,23,QUINTANA ROO,10,PLAYA DEL CARMEN,PVEM_PT_MORENA,53,27395,62,1338,28795,87264,14859,Sí
2022,23,QUINTANA ROO,10,PLAYA DEL CARMEN,PVEM_PT_FXMQROO,4,27395,62,1338,28795,87264,8271,Sí
2022,23,QUINTANA ROO,10,PLAYA DEL CARMEN,PVEM_MORENA_FXMQROO,12,27395,62,1338,28795,87264,14515,Sí
2022,23,QUINTANA ROO,10,PLAYA DEL CARMEN,PT_MORENA_FXMQROO,3,27395,62,1338,28795,87264,7514,Sí
2022,23,QUINTANA ROO,10,PLAYA DEL CARMEN,PVEM_PT,26,27395,62,1338,28795,87264,8070,Sí
2022,23,QUINTANA ROO,10,PLAYA DEL CARMEN,PVEM_MORENA,246,27395,62,1338,28795,87264,14526,Sí
2022,23,QUINTANA ROO,10,PLAYA DEL CARMEN,PVEM_FXMQROO,8,27395,62,1338,28795,87264,7749,Sí
2022,23,QUINTANA ROO,10,PLAYA DEL CARMEN,PT_MORENA,56,27395,62,1338,28795,87264,7344,Sí
2022,23,QUINTANA ROO,10,PLAYA DEL CARMEN,PT_FXMQROO,2,27395,62,1338,28795,87264,751,Sí
2022,23,QUINTANA ROO,10,PLAYA DEL CARMEN,MORENA_FXMQROO,7,27395,62,1338,28795,87264,6992,Sí
2022,23,QUINTANA ROO,11,COZUMEL,PAN,1303,28033,22,1124,29179,69706,1303,No
2022,23,QUINTANA ROO,11,COZUMEL,PRI,8403,28033,22,1124,29179,69706,8403,No
2022,23,QUINTANA ROO,11,COZUMEL,PRD,168,28033,22,1124,29179,69706,168,No
2022,23,QUINTANA ROO,11,COZUMEL,PVEM,2219,28033,22,1124,29179,69706,2219,No
2022,23,QUINTANA ROO,11,COZUMEL,PT,348,28033,22,1124,29179,69706,348,No
2022,23,QUINTANA ROO,11,COZUMEL,MC,1014,28033,22,1124,29179,69706,1014,No
2022,23,QUINTANA ROO,11,COZUMEL,MORENA,8642,28033,22,1124,29179,69706,8642,No
2022,23,QUINTANA ROO,11,COZUMEL,MAS,5195,28033,22,1124,29179,69706,5195,No
2022,23,QUINTANA ROO,11,COZUMEL,CXQROO,232,28033,22,1124,29179,69706,232,No
2022,23,QUINTANA ROO,11,COZUMEL,FXMQROO,230,28033,22,1124,29179,69706,230,No
2022,23,QUINTANA ROO,11,COZUMEL,PAN_PRD_CXQROO,11,28033,22,1124,29179,69706,1714,Sí
2022,23,QUINTANA ROO,11,COZUMEL,PAN_PRD,12,28033,22,1124,29179,69706,1483,Sí
2022,23,QUINTANA ROO,11,COZUMEL,PAN_CXQROO,8,28033,22,1124,29179,69706,1543,Sí
2022,23,QUINTANA ROO,11,COZUMEL,PRD_CXQROO,0,28033,22,1124,29179,69706,400,Sí
2022,23,QUINTANA ROO,11,COZUMEL,PVEM_PT_MORENA_FXMQROO,24,28033,22,1124,29179,69706,11463,Sí
2022,23,QUINTANA ROO,11,COZUMEL,PVEM_PT_MORENA,24,28033,22,1124,29179,69706,11233,Sí
2022,23,QUINTANA ROO,11,COZUMEL,PVEM_PT_FXMQROO,0,28033,22,1124,29179,69706,2797,Sí
2022,23,QUINTANA ROO,11,COZUMEL,PVEM_MORENA_FXMQROO,4,28033,22,1124,29179,69706,11095,Sí
2022,23,QUINTANA ROO,11,COZUMEL,PT_MORENA_FXMQROO,4,28033,22,1124,29179,69706,9224,Sí
2022,23,QUINTANA ROO,11,COZUMEL,PVEM_PT,11,28033,22,1124,29179,69706,2578,Sí
2022,23,QUINTANA ROO,11,COZUMEL,PVEM_MORENA,126,28033,22,1124,29179,69706,10987,Sí
2022,23,QUINTANA ROO,11,COZUMEL,PVEM_FXMQROO,5,28033,22,1124,29179,69706,2454,Sí
2022,23,QUINTANA ROO,11,COZUMEL,PT_MORENA,37,28033,22,1124,29179,69706,9027,Sí
2022,23,QUINTANA ROO,11,COZUMEL,PT_FXMQROO,4,28033,22,1124,29179,69706,582,Sí
2022,23,QUINTANA ROO,11,COZUMEL,MORENA_FXMQROO,9,28033,22,1124,29179,69706,8881,Sí
2022,23,QUINTANA ROO,12,FELIPE C PUERTO,PAN,2089,41186,71,1325,42582,69353,2089,No
2022,23,QUINTANA ROO,12,FELIPE C PUERTO,PRI,856,41186,71,1325,42582,69353,856,No
2022,23,QUINTANA ROO,12,FELIPE C PUERTO,PRD,5368,41186,71,1325,42582,69353,5368,No
2022,23,QUINTANA ROO,12,FELIPE C PUERTO,PVEM,7090,41186,71,1325,42582,69353,7090,No
2022,23,QUINTANA ROO,12,FELIPE C PUERTO,PT,1651,41186,71,1325,42582,69353,1651,No
2022,23,QUINTANA ROO,12,FELIPE C PUERTO,MC,2396,41186,71,1325,42582,69353,2396,No
2022,23,QUINTANA ROO,12,FELIPE C PUERTO,MORENA,13250,41186,71,1325,42582,69353,13250,No
2022,23,QUINTANA ROO,12,FELIPE C PUERTO,MAS,5788,41186,71,1325,42582,69353,5788,No
2022,23,QUINTANA ROO,12,FELIPE C PUERTO,CXQROO,545,41186,71,1325,42582,69353,545,No
2022,23,QUINTANA ROO,12,FELIPE C PUERTO,FXMQROO,1020,41186,71,1325,42582,69353,1020,No
2022,23,QUINTANA ROO,12,FELIPE C PUERTO,PAN_PRD_CXQROO,140,41186,71,1325,42582,69353,8142,Sí
2022,23,QUINTANA ROO,12,FELIPE C PUERTO,PAN_PRD,276,41186,71,1325,42582,69353,7733,Sí
2022,23,QUINTANA ROO,12,FELIPE C PUERTO,PAN_CXQROO,8,41186,71,1325,42582,69353,2642,Sí
2022,23,QUINTANA ROO,12,FELIPE C PUERTO,PRD_CXQROO,10,41186,71,1325,42582,69353,5923,Sí
2022,23,QUINTANA ROO,12,FELIPE C PUERTO,PVEM_PT_MORENA_FXMQROO,44,41186,71,1325,42582,69353,23055,Sí
2022,23,QUINTANA ROO,12,FELIPE C PUERTO,PVEM_PT_MORENA,30,41186,71,1325,42582,69353,22021,Sí
2022,23,QUINTANA ROO,12,FELIPE C PUERTO,PVEM_PT_FXMQROO,9,41186,71,1325,42582,69353,9770,Sí
2022,23,QUINTANA ROO,12,FELIPE C PUERTO,PVEM_MORENA_FXMQROO,9,41186,71,1325,42582,69353,21369,Sí
2022,23,QUINTANA ROO,12,FELIPE C PUERTO,PT_MORENA_FXMQROO,21,41186,71,1325,42582,69353,15942,Sí
2022,23,QUINTANA ROO,12,FELIPE C PUERTO,PVEM_PT,43,41186,71,1325,42582,69353,8784,Sí
2022,23,QUINTANA ROO,12,FELIPE C PUERTO,PVEM_MORENA,332,41186,71,1325,42582,69353,20672,Sí
2022,23,QUINTANA ROO,12,FELIPE C PUERTO,PVEM_FXMQROO,29,41186,71,1325,42582,69353,8139,Sí
2022,23,QUINTANA ROO,12,FELIPE C PUERTO,PT_MORENA,74,41186,71,1325,42582,69353,14975,Sí
2022,23,QUINTANA ROO,12,FELIPE C PUERTO,PT_FXMQROO,17,41186,71,1325,42582,69353,2688,Sí
2022,23,QUINTANA ROO,12,FELIPE C PUERTO,MORENA_FXMQROO,91,41186,71,1325,42582,69353,14361,Sí
2022,23,QUINTANA ROO,13,BACALAR,PAN,2092,40631,27,1419,42077,75548,2092,No
2022,23,QUINTANA ROO,13,BACALAR,PRI,1554,40631,27,1419,42077,75548,1554,No
2022,23,QUINTANA ROO,13,BACALAR,PRD,2389,40631,27,1419,42077,75548,2389,No
2022,23,QUINTANA ROO,13,BACALAR,PVEM,9474,40631,27,1419,42077,75548,9474,No
2022,23,QUINTANA ROO,13,BACALAR,PT,3059,40631,27,1419,42077,75548,3059,No
2022,23,QUINTANA ROO,13,BACALAR,MC,1936,40631,27,1419,42077,75548,1936,No
2022,23,QUINTANA ROO,13,BACALAR,MORENA,12791,40631,27,1419,42077,75548,12791,No
2022,23,QUINTANA ROO,13,BACALAR,MAS,4285,40631,27,1419,42077,75548,4285,No
2022,23,QUINTANA ROO,13,BACALAR,CXQROO,640,40631,27,1419,42077,75548,640,No
2022,23,QUINTANA ROO,13,BACALAR,FXMQROO,935,40631,27,1419,42077,75548,935,No
2022,23,QUINTANA ROO,13,BACALAR,PAN_PRD_CXQROO,87,40631,27,1419,42077,75548,5208,Sí
2022,23,QUINTANA ROO,13,BACALAR,PAN_PRD,132,40631,27,1419,42077,75548,4613,Sí
2022,23,QUINTANA ROO,13,BACALAR,PAN_CXQROO,11,40631,27,1419,42077,75548,2743,Sí
2022,23,QUINTANA ROO,13,BACALAR,PRD_CXQROO,6,40631,27,1419,42077,75548,3035,Sí
2022,23,QUINTANA ROO,13,BACALAR,PVEM_PT_MORENA_FXMQROO,66,40631,27,1419,42077,75548,26325,Sí
2022,23,QUINTANA ROO,13,BACALAR,PVEM_PT_MORENA,71,40631,27,1419,42077,75548,25395,Sí
2022,23,QUINTANA ROO,13,BACALAR,PVEM_PT_FXMQROO,6,40631,27,1419,42077,75548,13474,Sí
2022,23,QUINTANA ROO,13,BACALAR,PVEM_MORENA_FXMQROO,3,40631,27,1419,42077,75548,23203,Sí
2022,23,QUINTANA ROO,13,BACALAR,PT_MORENA_FXMQROO,10,40631,27,1419,42077,75548,16795,Sí
2022,23,QUINTANA ROO,13,BACALAR,PVEM_PT,80,40631,27,1419,42077,75548,12613,Sí
2022,23,QUINTANA ROO,13,BACALAR,PVEM_MORENA,752,40631,27,1419,42077,75548,23017,Sí
2022,23,QUINTANA ROO,13,BACALAR,PVEM_FXMQROO,62,40631,27,1419,42077,75548,10471,Sí
2022,23,QUINTANA ROO,13,BACALAR,PT_MORENA,145,40631,27,1419,42077,75548,15995,Sí
2022,23,QUINTANA ROO,13,BACALAR,PT_FXMQROO,11,40631,27,1419,42077,75548,4005,Sí
2022,23,QUINTANA ROO,13,BACALAR,MORENA_FXMQROO,34,40631,27,1419,42077,75548,13760,Sí
2022,23,QUINTANA ROO,14,CHETUMAL,PAN,3700,36206,119,1546,37871,70095,3700,No
2022,23,QUINTANA ROO,14,CHETUMAL,PRI,1720,36206,119,1546,37871,70095,1720,No
2022,23,QUINTANA ROO,14,CHETUMAL,PRD,822,36206,119,1546,37871,70095,822,No
2022,23,QUINTANA ROO,14,CHETUMAL,PVEM,6027,36206,119,1546,37871,70095,6027,No
2022,23,QUINTANA ROO,14,CHETUMAL,PT,609,36206,119,1546,37871,70095,609,No
2022,23,QUINTANA ROO,14,CHETUMAL,MC,7097,36206,119,1546,37871,70095,7097,No
2022,23,QUINTANA ROO,14,CHETUMAL,MORENA,10641,36206,119,1546,37871,70095,10641,No
2022,23,QUINTANA ROO,14,CHETUMAL,MAS,1617,36206,119,1546,37871,70095,1617,No
2022,23,QUINTANA ROO,14,CHETUMAL,CXQROO,434,36206,119,1546,37871,70095,434,No
2022,23,QUINTANA ROO,14,CHETUMAL,FXMQROO,410,36206,119,1546,37871,70095,410,No
2022,23,QUINTANA ROO,14,CHETUMAL,Candidatura Independiente,1878,36206,119,1546,37871,70095,1878,No
2022,23,QUINTANA ROO,14,CHETUMAL,PAN_PRD_CXQROO,90,36206,119,1546,37871,70095,5046,Sí
2022,23,QUINTANA ROO,14,CHETUMAL,PAN_PRD,80,36206,119,1546,37871,70095,4602,Sí
2022,23,QUINTANA ROO,14,CHETUMAL,PAN_CXQROO,22,36206,119,1546,37871,70095,4156,Sí
2022,23,QUINTANA ROO,14,CHETUMAL,PRD_CXQROO,5,36206,119,1546,37871,70095,1261,Sí
2022,23,QUINTANA ROO,14,CHETUMAL,PVEM_PT_MORENA_FXMQROO,63,36206,119,1546,37871,70095,17750,Sí
2022,23,QUINTANA ROO,14,CHETUMAL,PVEM_PT_MORENA,47,36206,119,1546,37871,70095,17324,Sí
2022,23,QUINTANA ROO,14,CHETUMAL,PVEM_PT_FXMQROO,2,36206,119,1546,37871,70095,7048,Sí
2022,23,QUINTANA ROO,14,CHETUMAL,PVEM_MORENA_FXMQROO,8,36206,119,1546,37871,70095,17086,Sí
2022,23,QUINTANA ROO,14,CHETUMAL,PT_MORENA_FXMQROO,5,36206,119,1546,37871,70095,11665,Sí
2022,23,QUINTANA ROO,14,CHETUMAL,PVEM_PT,43,36206,119,1546,37871,70095,6679,Sí
2022,23,QUINTANA ROO,14,CHETUMAL,PVEM_MORENA,796,36206,119,1546,37871,70095,17464,Sí
2022,23,QUINTANA ROO,14,CHETUMAL,PVEM_FXMQROO,12,36206,119,1546,37871,70095,6449,Sí
2022,23,QUINTANA ROO,14,CHETUMAL,PT_MORENA,47,36206,119,1546,37871,70095,11297,Sí
2022,23,QUINTANA ROO,14,CHETUMAL,PT_FXMQROO,6,36206,119,1546,37871,70095,1025,Sí
2022,23,QUINTANA ROO,14,CHETUMAL,MORENA_FXMQROO,25,36206,119,1546,37871,70095,11076,Sí
2022,23,QUINTANA ROO,15,CHETUMAL,PAN,3213,38411,66,1704,40181,78865,3213,No
2022,23,QUINTANA ROO,15,CHETUMAL,PRI,1935,38411,66,1704,40181,78865,1935,No
2022,23,QUINTANA ROO,15,CHETUMAL,PRD,1214,38411,66,1704,40181,78865,1214,No
2022,23,QUINTANA ROO,15,CHETUMAL,PVEM,6203,38411,66,1704,40181,78865,6203,No
2022,23,QUINTANA ROO,15,CHETUMAL,PT,728,38411,66,1704,40181,78865,728,No
2022,23,QUINTANA ROO,15,CHETUMAL,MC,9327,38411,66,1704,40181,78865,9327,No
2022,23,QUINTANA ROO,15,CHETUMAL,MORENA,10561,38411,66,1704,40181,78865,10561,No
2022,23,QUINTANA ROO,15,CHETUMAL,MAS,2979,38411,66,1704,40181,78865,2979,No
2022,23,QUINTANA ROO,15,CHETUMAL,CXQROO,487,38411,66,1704,40181,78865,487,No
2022,23,QUINTANA ROO,15,CHETUMAL,FXMQROO,544,38411,66,1704,40181,78865,544,No
2022,23,QUINTANA ROO,15,CHETUMAL,PAN_PRD_CXQROO,87,38411,66,1704,40181,78865,5001,Sí
2022,23,QUINTANA ROO,15,CHETUMAL,PAN_PRD,90,38411,66,1704,40181,78865,4517,Sí
2022,23,QUINTANA ROO,15,CHETUMAL,PAN_CXQROO,22,38411,66,1704,40181,78865,3722,Sí
2022,23,QUINTANA ROO,15,CHETUMAL,PRD_CXQROO,4,38411,66,1704,40181,78865,1705,Sí
2022,23,QUINTANA ROO,15,CHETUMAL,PVEM_PT_MORENA_FXMQROO,25,38411,66,1704,40181,78865,18061,Sí
2022,23,QUINTANA ROO,15,CHETUMAL,PVEM_PT_MORENA,69,38411,66,1704,40181,78865,17561,Sí
2022,23,QUINTANA ROO,15,CHETUMAL,PVEM_PT_FXMQROO,5,38411,66,1704,40181,78865,7480,Sí
2022,23,QUINTANA ROO,15,CHETUMAL,PVEM_MORENA_FXMQROO,17,38411,66,1704,40181,78865,17325,Sí
2022,23,QUINTANA ROO,15,CHETUMAL,PT_MORENA_FXMQROO,5,38411,66,1704,40181,78865,11838,Sí
2022,23,QUINTANA ROO,15,CHETUMAL,PVEM_PT,46,38411,66,1704,40181,78865,6977,Sí
2022,23,QUINTANA ROO,15,CHETUMAL,PVEM_MORENA,740,38411,66,1704,40181,78865,17504,Sí
2022,23,QUINTANA ROO,15,CHETUMAL,PVEM_FXMQROO,20,38411,66,1704,40181,78865,6767,Sí
2022,23,QUINTANA ROO,15,CHETUMAL,PT_MORENA,62,38411,66,1704,40181,78865,11351,Sí
2022,23,QUINTANA ROO,15,CHETUMAL,PT_FXMQROO,2,38411,66,1704,40181,78865,1274,Sí
2022,23,QUINTANA ROO,15,CHETUMAL,MORENA_FXMQROO,26,38411,66,1704,40181,78865,11131,Sí
2022,23,QUINTANA ROO,2,CANCUN,PAN,2934,41144,55,3038,44237,137914,2934,No
2022,23,QUINTANA ROO,2,CANCUN,PRI,1067,41144,55,3038,44237,137914,1067,No
2022,23,QUINTANA ROO,2,CANCUN,PRD,563,41144,55,3038,44237,137914,563,No
2022,23,QUINTANA ROO,2,CANCUN,PVEM,13782,41144,55,3038,44237,137914,13782,No
2022,23,QUINTANA ROO,2,CANCUN,PT,1407,41144,55,3038,44237,137914,1407,No
2022,23,QUINTANA ROO,2,CANCUN,MC,3870,41144,55,3038,44237,137914,3870,No
2022,23,QUINTANA ROO,2,CANCUN,MORENA,13476,41144,55,3038,44237,137914,13476,No
2022,23,QUINTANA ROO,2,CANCUN,MAS,1234,41144,55,3038,44237,137914,1234,No
2022,23,QUINTANA ROO,2,CANCUN,CXQROO,391,41144,55,3038,44237,137914,391,No
2022,23,QUINTANA ROO,2,CANCUN,FXMQROO,2260,41144,55,3038,44237,137914,2260,No
2022,23,QUINTANA ROO,2,CANCUN,PAN_PRD_CXQROO,68,41144,55,3038,44237,137914,3956,Sí
2022,23,QUINTANA ROO,2,CANCUN,PAN_PRD,78,41144,55,3038,44237,137914,3575,Sí
2022,23,QUINTANA ROO,2,CANCUN,PAN_CXQROO,13,41144,55,3038,44237,137914,3338,Sí
2022,23,QUINTANA ROO,2,CANCUN,PRD_CXQROO,1,41144,55,3038,44237,137914,955,Sí
2022,23,QUINTANA ROO,2,CANCUN,PVEM_PT_MORENA_FXMQROO,0,41144,55,3038,44237,137914,30925,Sí
2022,23,QUINTANA ROO,2,CANCUN,PVEM_PT_MORENA,0,41144,55,3038,44237,137914,28665,Sí
2022,23,QUINTANA ROO,2,CANCUN,PVEM_PT_FXMQROO,0,41144,55,3038,44237,137914,17449,Sí
2022,23,QUINTANA ROO,2,CANCUN,PVEM_MORENA_FXMQROO,0,41144,55,3038,44237,137914,29518,Sí
2022,23,QUINTANA ROO,2,CANCUN,PT_MORENA_FXMQROO,0,41144,55,3038,44237,137914,17143,Sí
2022,23,QUINTANA ROO,2,CANCUN,PVEM_PT,0,41144,55,3038,44237,137914,15189,Sí
2022,23,QUINTANA ROO,2,CANCUN,PVEM_MORENA,0,41144,55,3038,44237,137914,27258,Sí
2022,23,QUINTANA ROO,2,CANCUN,PVEM_FXMQROO,0,41144,55,3038,44237,137914,16042,Sí
2022,23,QUINTANA ROO,2,CANCUN,PT_MORENA,0,41144,55,3038,44237,137914,14883,Sí
2022,23,QUINTANA ROO,2,CANCUN,PT_FXMQROO,0,41144,55,3038,44237,137914,3667,Sí
2022,23,QUINTANA ROO,2,CANCUN,MORENA_FXMQROO,0,41144,55,3038,44237,137914,15736,Sí
2022,23,QUINTANA ROO,3,CANCUN,PAN,1840,27532,38,1335,28905,80938,1840,No
2022,23,QUINTANA ROO,3,CANCUN,PRI,745,27532,38,1335,28905,80938,745,No
2022,23,QUINTANA ROO,3,CANCUN,PRD,559,27532,38,1335,28905,80938,559,No
2022,23,QUINTANA ROO,3,CANCUN,PVEM,6691,27532,38,1335,28905,80938,6691,No
2022,23,QUINTANA ROO,3,CANCUN,PT,1115,27532,38,1335,28905,80938,1115,No
2022,23,QUINTANA ROO,3,CANCUN,MC,3114,27532,38,1335,28905,80938,3114,No
2022,23,QUINTANA ROO,3,CANCUN,MORENA,10535,27532,38,1335,28905,80938,10535,No
2022,23,QUINTANA ROO,3,CANCUN,MAS,1698,27532,38,1335,28905,80938,1698,No
2022,23,QUINTANA ROO,3,CANCUN,CXQROO,292,27532,38,1335,28905,80938,292,No
2022,23,QUINTANA ROO,3,CANCUN,FXMQROO,479,27532,38,1335,28905,80938,479,No
2022,23,QUINTANA ROO,3,CANCUN,PAN_PRD_CXQROO,31,27532,38,1335,28905,80938,2722,Sí
2022,23,QUINTANA ROO,3,CANCUN,PAN_PRD,39,27532,38,1335,28905,80938,2438,Sí
2022,23,QUINTANA ROO,3,CANCUN,PAN_CXQROO,8,27532,38,1335,28905,80938,2140,Sí
2022,23,QUINTANA ROO,3,CANCUN,PRD_CXQROO,0,27532,38,1335,28905,80938,851,Sí
2022,23,QUINTANA ROO,3,CANCUN,PVEM_PT_MORENA_FXMQROO,42,27532,38,1335,28905,80938,18862,Sí
2022,23,QUINTANA ROO,3,CANCUN,PVEM_PT_MORENA,61,27532,38,1335,28905,80938,18402,Sí
2022,23,QUINTANA ROO,3,CANCUN,PVEM_PT_FXMQROO,5,27532,38,1335,28905,80938,8290,Sí
2022,23,QUINTANA ROO,3,CANCUN,PVEM_MORENA_FXMQROO,16,27532,38,1335,28905,80938,17721,Sí
2022,23,QUINTANA ROO,3,CANCUN,PT_MORENA_FXMQROO,8,27532,38,1335,28905,80938,12137,Sí
2022,23,QUINTANA ROO,3,CANCUN,PVEM_PT,22,27532,38,1335,28905,80938,7828,Sí
2022,23,QUINTANA ROO,3,CANCUN,PVEM_MORENA,122,27532,38,1335,28905,80938,17348,Sí
2022,23,QUINTANA ROO,3,CANCUN,PVEM_FXMQROO,10,27532,38,1335,28905,80938,7180,Sí
2022,23,QUINTANA ROO,3,CANCUN,PT_MORENA,82,27532,38,1335,28905,80938,11732,Sí
2022,23,QUINTANA ROO,3,CANCUN,PT_FXMQROO,1,27532,38,1335,28905,80938,1595,Sí
2022,23,QUINTANA ROO,3,CANCUN,MORENA_FXMQROO,17,27532,38,1335,28905,80938,11031,Sí
2022,23,QUINTANA ROO,4,CANCUN,PAN,1790,24716,41,1342,26099,64949,1790,No
2022,23,QUINTANA ROO,4,CANCUN,PRI,731,24716,41,1342,26099,64949,731,No
2022,23,QUINTANA ROO,4,CANCUN,PRD,417,24716,41,1342,26099,64949,417,No
2022,23,QUINTANA ROO,4,CANCUN,PVEM,8435,24716,41,1342,26099,64949,8435,No
2022,23,QUINTANA ROO,4,CANCUN,PT,672,24716,41,1342,26099,64949,672,No
2022,23,QUINTANA ROO,4,CANCUN,MC,2383,24716,41,1342,26099,64949,2383,No
2022,23,QUINTANA ROO,4,CANCUN,MORENA,7954,24716,41,1342,26099,64949,7954,No
2022,23,QUINTANA ROO,4,CANCUN,MAS,952,24716,41,1342,26099,64949,952,No
2022,23,QUINTANA ROO,4,CANCUN,CXQROO,512,24716,41,1342,26099,64949,512,No
2022,23,QUINTANA ROO,4,CANCUN,FXMQROO,365,24716,41,1342,26099,64949,365,No
2022,23,QUINTANA ROO,4,CANCUN,PAN_PRD_CXQROO,49,24716,41,1342,26099,64949,2768,Sí
2022,23,QUINTANA ROO,4,CANCUN,PAN_PRD,50,24716,41,1342,26099,64949,2257,Sí
2022,23,QUINTANA ROO,4,CANCUN,PAN_CXQROO,22,24716,41,1342,26099,64949,2324,Sí
2022,23,QUINTANA ROO,4,CANCUN,PRD_CXQROO,12,24716,41,1342,26099,64949,941,Sí
2022,23,QUINTANA ROO,4,CANCUN,PVEM_PT_MORENA_FXMQROO,40,24716,41,1342,26099,64949,17466,Sí
2022,23,QUINTANA ROO,4,CANCUN,PVEM_PT_MORENA,58,24716,41,1342,26099,64949,17119,Sí
2022,23,QUINTANA ROO,4,CANCUN,PVEM_PT_FXMQROO,7,24716,41,1342,26099,64949,9479,Sí
2022,23,QUINTANA ROO,4,CANCUN,PVEM_MORENA_FXMQROO,9,24716,41,1342,26099,64949,16763,Sí
2022,23,QUINTANA ROO,4,CANCUN,PT_MORENA_FXMQROO,5,24716,41,1342,26099,64949,8996,Sí
2022,23,QUINTANA ROO,4,CANCUN,PVEM_PT,27,24716,41,1342,26099,64949,9134,Sí
2022,23,QUINTANA ROO,4,CANCUN,PVEM_MORENA,162,24716,41,1342,26099,64949,16551,Sí
2022,23,QUINTANA ROO,4,CANCUN,PVEM_FXMQROO,6,24716,41,1342,26099,64949,8806,Sí
2022,23,QUINTANA ROO,4,CANCUN,PT_MORENA,47,24716,41,1342,26099,64949,8673,Sí
2022,23,QUINTANA ROO,4,CANCUN,PT_FXMQROO,1,24716,41,1342,26099,64949,1038,Sí
2022,23,QUINTANA ROO,4,CANCUN,MORENA_FXMQROO,10,24716,41,1342,26099,64949,8329,Sí
2022,23,QUINTANA ROO,5,CANCUN,PAN,4411,26890,67,1315,28272,74498,4411,No
2022,23,QUINTANA ROO,5,CANCUN,PRI,1325,26890,67,1315,28272,74498,1325,No
2022,23,QUINTANA ROO,5,CANCUN,PRD,471,26890,67,1315,28272,74498,471,No
2022,23,QUINTANA ROO,5,CANCUN,PVEM,4793,26890,67,1315,28272,74498,4793,No
2022,23,QUINTANA ROO,5,CANCUN,PT,750,26890,67,1315,28272,74498,750,No
2022,23,QUINTANA ROO,5,CANCUN,MC,3082,26890,67,1315,28272,74498,3082,No
2022,23,QUINTANA ROO,5,CANCUN,MORENA,9444,26890,67,1315,28272,74498,9444,No
2022,23,QUINTANA ROO,5,CANCUN,MAS,1380,26890,67,1315,28272,74498,1380,No
2022,23,QUINTANA ROO,5,CANCUN,CXQROO,323,26890,67,1315,28272,74498,323,No
2022,23,QUINTANA ROO,5,CANCUN,FXMQROO,450,26890,67,1315,28272,74498,450,No
2022,23,QUINTANA ROO,5,CANCUN,PAN_PRD_CXQROO,55,26890,67,1315,28272,74498,5260,Sí
2022,23,QUINTANA ROO,5,CANCUN,PAN_PRD,56,26890,67,1315,28272,74498,4938,Sí
2022,23,QUINTANA ROO,5,CANCUN,PAN_CXQROO,7,26890,67,1315,28272,74498,4741,Sí
2022,23,QUINTANA ROO,5,CANCUN,PRD_CXQROO,4,26890,67,1315,28272,74498,798,Sí
2022,23,QUINTANA ROO,5,CANCUN,PVEM_PT_MORENA_FXMQROO,53,26890,67,1315,28272,74498,15490,Sí
2022,23,QUINTANA ROO,5,CANCUN,PVEM_PT_MORENA,47,26890,67,1315,28272,74498,15034,Sí
2022,23,QUINTANA ROO,5,CANCUN,PVEM_PT_FXMQROO,7,26890,67,1315,28272,74498,6000,Sí
2022,23,QUINTANA ROO,5,CANCUN,PVEM_MORENA_FXMQROO,10,26890,67,1315,28272,74498,14697,Sí
2022,23,QUINTANA ROO,5,CANCUN,PT_MORENA_FXMQROO,4,26890,67,1315,28272,74498,10648,Sí
2022,23,QUINTANA ROO,5,CANCUN,PVEM_PT,23,26890,67,1315,28272,74498,5566,Sí
2022,23,QUINTANA ROO,5,CANCUN,PVEM_MORENA,99,26890,67,1315,28272,74498,14336,Sí
2022,23,QUINTANA ROO,5,CANCUN,PVEM_FXMQROO,10,26890,67,1315,28272,74498,5253,Sí
2022,23,QUINTANA ROO,5,CANCUN,PT_MORENA,59,26890,67,1315,28272,74498,10253,Sí
2022,23,QUINTANA ROO,5,CANCUN,PT_FXMQROO,5,26890,67,1315,28272,74498,1205,Sí
2022,23,QUINTANA ROO,5,CANCUN,MORENA_FXMQROO,22,26890,67,1315,28272,74498,9916,Sí
2022,23,QUINTANA ROO,6,CANCUN,PAN,2384,27313,47,1368,28728,70194,2384,No
2022,23,QUINTANA ROO,6,CANCUN,PRI,943,27313,47,1368,28728,70194,943,No
2022,23,QUINTANA ROO,6,CANCUN,PRD,682,27313,47,1368,28728,70194,682,No
2022,23,QUINTANA ROO,6,CANCUN,PVEM,6198,27313,47,1368,28728,70194,6198,No
2022,23,QUINTANA ROO,6,CANCUN,PT,842,27313,47,1368,28728,70194,842,No
2022,23,QUINTANA ROO,6,CANCUN,MC,3295,27313,47,1368,28728,70194,3295,No
2022,23,QUINTANA ROO,6,CANCUN,MORENA,10524,27313,47,1368,28728,70194,10524,No
2022,23,QUINTANA ROO,6,CANCUN,MAS,1117,27313,47,1368,28728,70194,1117,No
2022,23,QUINTANA ROO,6,CANCUN,CXQROO,318,27313,47,1368,28728,70194,318,No
2022,23,QUINTANA ROO,6,CANCUN,FXMQROO,506,27313,47,1368,28728,70194,506,No
2022,23,QUINTANA ROO,6,CANCUN,PAN_PRD_CXQROO,61,27313,47,1368,28728,70194,3445,Sí
2022,23,QUINTANA ROO,6,CANCUN,PAN_PRD,53,27313,47,1368,28728,70194,3119,Sí
2022,23,QUINTANA ROO,6,CANCUN,PAN_CXQROO,7,27313,47,1368,28728,70194,2709,Sí
2022,23,QUINTANA ROO,6,CANCUN,PRD_CXQROO,3,27313,47,1368,28728,70194,1003,Sí
2022,23,QUINTANA ROO,6,CANCUN,PVEM_PT_MORENA_FXMQROO,34,27313,47,1368,28728,70194,18104,Sí
2022,23,QUINTANA ROO,6,CANCUN,PVEM_PT_MORENA,54,27313,47,1368,28728,70194,17618,Sí
2022,23,QUINTANA ROO,6,CANCUN,PVEM_PT_FXMQROO,8,27313,47,1368,28728,70194,7554,Sí
2022,23,QUINTANA ROO,6,CANCUN,PVEM_MORENA_FXMQROO,22,27313,47,1368,28728,70194,17250,Sí
2022,23,QUINTANA ROO,6,CANCUN,PT_MORENA_FXMQROO,12,27313,47,1368,28728,70194,11884,Sí
2022,23,QUINTANA ROO,6,CANCUN,PVEM_PT,22,27313,47,1368,28728,70194,7062,Sí
2022,23,QUINTANA ROO,6,CANCUN,PVEM_MORENA,115,27313,47,1368,28728,70194,16837,Sí
2022,23,QUINTANA ROO,6,CANCUN,PVEM_FXMQROO,27,27313,47,1368,28728,70194,6731,Sí
2022,23,QUINTANA ROO,6,CANCUN,PT_MORENA,64,27313,47,1368,28728,70194,11430,Sí
2022,23,QUINTANA ROO,6,CANCUN,PT_FXMQROO,3,27313,47,1368,28728,70194,1351,Sí
2022,23,QUINTANA ROO,6,CANCUN,MORENA_FXMQROO,19,27313,47,1368,28728,70194,11049,Sí
2022,23,QUINTANA ROO,7,CANCUN,PAN,5771,35118,52,1540,36710,97375,5771,No
2022,23,QUINTANA ROO,7,CANCUN,PRI,1401,35118,52,1540,36710,97375,1401,No
2022,23,QUINTANA ROO,7,CANCUN,PRD,874,35118,52,1540,36710,97375,874,No
2022,23,QUINTANA ROO,7,CANCUN,PVEM,9967,35118,52,1540,36710,97375,9967,No
2022,23,QUINTANA ROO,7,CANCUN,PT,705,35118,52,1540,36710,97375,705,No
2022,23,QUINTANA ROO,7,CANCUN,MC,3564,35118,52,1540,36710,97375,3564,No
2022,23,QUINTANA ROO,7,CANCUN,MORENA,10094,35118,52,1540,36710,97375,10094,No
2022,23,QUINTANA ROO,7,CANCUN,MAS,1299,35118,52,1540,36710,97375,1299,No
2022,23,QUINTANA ROO,7,CANCUN,CXQROO,390,35118,52,1540,36710,97375,390,No
2022,23,QUINTANA ROO,7,CANCUN,FXMQROO,537,35118,52,1540,36710,97375,537,No
2022,23,QUINTANA ROO,7,CANCUN,PAN_PRD_CXQROO,80,35118,52,1540,36710,97375,7115,Sí
2022,23,QUINTANA ROO,7,CANCUN,PAN_PRD,93,35118,52,1540,36710,97375,6738,Sí
2022,23,QUINTANA ROO,7,CANCUN,PAN_CXQROO,10,35118,52,1540,36710,97375,6171,Sí
2022,23,QUINTANA ROO,7,CANCUN,PRD_CXQROO,3,35118,52,1540,36710,97375,1267,Sí
2022,23,QUINTANA ROO,7,CANCUN,PVEM_PT_MORENA_FXMQROO,44,35118,52,1540,36710,97375,21347,Sí
2022,23,QUINTANA ROO,7,CANCUN,PVEM_PT_MORENA,39,35118,52,1540,36710,97375,20805,Sí
2022,23,QUINTANA ROO,7,CANCUN,PVEM_PT_FXMQROO,3,35118,52,1540,36710,97375,11212,Sí
2022,23,QUINTANA ROO,7,CANCUN,PVEM_MORENA_FXMQROO,8,35118,52,1540,36710,97375,20606,Sí
2022,23,QUINTANA ROO,7,CANCUN,PT_MORENA_FXMQROO,6,35118,52,1540,36710,97375,11342,Sí
2022,23,QUINTANA ROO,7,CANCUN,PVEM_PT,23,35118,52,1540,36710,97375,10695,Sí
2022,23,QUINTANA ROO,7,CANCUN,PVEM_MORENA,114,35118,52,1540,36710,97375,20175,Sí
2022,23,QUINTANA ROO,7,CANCUN,PVEM_FXMQROO,4,35118,52,1540,36710,97375,10508,Sí
2022,23,QUINTANA ROO,7,CANCUN,PT_MORENA,63,35118,52,1540,36710,97375,10862,Sí
2022,23,QUINTANA ROO,7,CANCUN,PT_FXMQROO,5,35118,52,1540,36710,97375,1247,Sí
2022,23,QUINTANA ROO,7,CANCUN,MORENA_FXMQROO,21,35118,52,1540,36710,97375,10652,Sí
2022,23,QUINTANA ROO,8,CANCUN,PAN,10107,31714,56,1496,33266,84773,10107,No
2022,23,QUINTANA ROO,8,CANCUN,PRI,1593,31714,56,1496,33266,84773,1593,No
2022,23,QUINTANA ROO,8,CANCUN,PRD,408,31714,56,1496,33266,84773,408,No
2022,23,QUINTANA ROO,8,CANCUN,PVEM,5916,31714,56,1496,33266,84773,5916,No
2022,23,QUINTANA ROO,8,CANCUN,PT,748,31714,56,1496,33266,84773,748,No
2022,23,QUINTANA ROO,8,CANCUN,MC,3279,31714,56,1496,33266,84773,3279,No
2022,23,QUINTANA ROO,8,CANCUN,MORENA,7584,31714,56,1496,33266,84773,7584,No
2022,23,QUINTANA ROO,8,CANCUN,MAS,756,31714,56,1496,33266,84773,756,No
2022,23,QUINTANA ROO,8,CANCUN,CXQROO,273,31714,56,1496,33266,84773,273,No
2022,23,QUINTANA ROO,8,CANCUN,FXMQROO,541,31714,56,1496,33266,84773,541,No
2022,23,QUINTANA ROO,8,CANCUN,PAN_PRD_CXQROO,87,31714,56,1496,33266,84773,10875,Sí
2022,23,QUINTANA ROO,8,CANCUN,PAN_PRD,90,31714,56,1496,33266,84773,10605,Sí
2022,23,QUINTANA ROO,8,CANCUN,PAN_CXQROO,15,31714,56,1496,33266,84773,10395,Sí
2022,23,QUINTANA ROO,8,CANCUN,PRD_CXQROO,2,31714,56,1496,33266,84773,683,Sí
2022,23,QUINTANA ROO,8,CANCUN,PVEM_PT_MORENA_FXMQROO,41,31714,56,1496,33266,84773,14830,Sí
2022,23,QUINTANA ROO,8,CANCUN,PVEM_PT_MORENA,34,31714,56,1496,33266,84773,14282,Sí
2022,23,QUINTANA ROO,8,CANCUN,PVEM_PT_FXMQROO,3,31714,56,1496,33266,84773,7208,Sí
2022,23,QUINTANA ROO,8,CANCUN,PVEM_MORENA_FXMQROO,10,31714,56,1496,33266,84773,14051,Sí
2022,23,QUINTANA ROO,8,CANCUN,PT_MORENA_FXMQROO,8,31714,56,1496,33266,84773,8881,Sí
2022,23,QUINTANA ROO,8,CANCUN,PVEM_PT,20,31714,56,1496,33266,84773,6684,Sí
2022,23,QUINTANA ROO,8,CANCUN,PVEM_MORENA,109,31714,56,1496,33266,84773,13609,Sí
2022,23,QUINTANA ROO,8,CANCUN,PVEM_FXMQROO,14,31714,56,1496,33266,84773,6471,Sí
2022,23,QUINTANA ROO,8,CANCUN,PT_MORENA,58,31714,56,1496,33266,84773,8390,Sí
2022,23,QUINTANA ROO,8,CANCUN,PT_FXMQROO,6,31714,56,1496,33266,84773,1295,Sí
2022,23,QUINTANA ROO,8,CANCUN,MORENA_FXMQROO,12,31714,56,1496,33266,84773,8137,Sí
2022,23,QUINTANA ROO,9,TULUM,PAN,5863,49378,84,2180,51642,180224,5863,No
2022,23,QUINTANA ROO,9,TULUM,PRI,2616,49378,84,2180,51642,180224,2616,No
2022,23,QUINTANA ROO,9,TULUM,PRD,492,49378,84,2180,51642,180224,492,No
2022,23,QUINTANA ROO,9,TULUM,PVEM,12368,49378,84,2180,51642,180224,12368,No
2022,23,QUINTANA ROO,9,TULUM,PT,1694,49378,84,2180,51642,180224,1694,No
2022,23,QUINTANA ROO,9,TULUM,MC,3002,49378,84,2180,51642,180224,3002,No
2022,23,QUINTANA ROO,9,TULUM,MORENA,18769,49378,84,2180,51642,180224,18769,No
2022,23,QUINTANA ROO,9,TULUM,MAS,2107,49378,84,2180,51642,180224,2107,No
2022,23,QUINTANA ROO,9,TULUM,CXQROO,730,49378,84,2180,51642,180224,730,No
2022,23,QUINTANA ROO,9,TULUM,FXMQROO,617,49378,84,2180,51642,180224,617,No
2022,23,QUINTANA ROO,9,TULUM,PAN_PRD_CXQROO,65,49378,84,2180,51642,180224,7150,Sí
2022,23,QUINTANA ROO,9,TULUM,PAN_PRD,50,49378,84,2180,51642,180224,6405,Sí
2022,23,QUINTANA ROO,9,TULUM,PAN_CXQROO,43,49378,84,2180,51642,180224,6636,Sí
2022,23,QUINTANA ROO,9,TULUM,PRD_CXQROO,3,49378,84,2180,51642,180224,1225,Sí
2022,23,QUINTANA ROO,9,TULUM,PVEM_PT_MORENA_FXMQROO,113,49378,84,2180,51642,180224,33561,Sí
2022,23,QUINTANA ROO,9,TULUM,PVEM_PT_MORENA,100,49378,84,2180,51642,180224,32931,Sí
2022,23,QUINTANA ROO,9,TULUM,PVEM_PT_FXMQROO,11,49378,84,2180,51642,180224,14690,Sí
2022,23,QUINTANA ROO,9,TULUM,PVEM_MORENA_FXMQROO,23,49378,84,2180,51642,180224,31777,Sí
2022,23,QUINTANA ROO,9,TULUM,PT_MORENA_FXMQROO,12,49378,84,2180,51642,180224,21092,Sí
2022,23,QUINTANA ROO,9,TULUM,PVEM_PT,68,49378,84,2180,51642,180224,14130,Sí
2022,23,QUINTANA ROO,9,TULUM,PVEM_MORENA,384,49378,84,2180,51642,180224,31521,Sí
2022,23,QUINTANA ROO,9,TULUM,PVEM_FXMQROO,31,49378,84,2180,51642,180224,13016,Sí
2022,23,QUINTANA ROO,9,TULUM,PT_MORENA,165,49378,84,2180,51642,180224,20628,Sí
2022,23,QUINTANA ROO,9,TULUM,PT_FXMQROO,6,49378,84,2180,51642,180224,2317,Sí
2022,23,QUINTANA ROO,9,TULUM,MORENA_FXMQROO,46,49378,84,2180,51642,180224,19432,Sí
