ID_ESTADO,NOMBRE_ESTADO,ID_DISTRITO_LOCAL,CABECERA_DISTRITAL_LOCAL,SECCIONES,CASILLAS,PAN,PRI,PRD,PVEM,PT,MC,NA,MORENA,ES,PPG,IHG,CG,PSM,PSG,PAN_PRD_MC,PAN_PRD,PAN_MC,PRD_MC,PRI_PVEM,MORENA_ES,C_COMUN_PAN_PRD,CAND_IND1,CAND_IND2,NUM_VOTOS_VALIDOS,NUM_VOTOS_CAN_NREG,NUM_VOTOS_NULOS,TOTAL_VOTOS,LISTA_NOMINAL,RUTA_ACTA
12,GUERRERO,1,CHILPANCINGO DE LOS BRAVO,46,152,944,10924,5419,1457,2801,864,505,25980,920,1096,214,591,206,267,121,68,18,45,391,242,,,,53073,30,2770,55873,90744,
12,GUERRERO,2,CHILPANCINGO DE LOS BRAVO,57,169,1266,12274,5618,1564,2233,1607,538,29938,970,1015,209,1186,162,272,180,86,28,76,412,397,,1055,,61086,62,2807,63955,101628,
12,GUERRERO,3,ACAPULCO DE JUAREZ,69,173,3679,7230,2256,1718,3190,1613,848,29299,1214,438,251,450,934,553,139,54,22,23,431,477,,,,54819,39,2668,57526,96776,
12,GUERRERO,4,ACAPULCO DE JUAREZ,79,172,2175,7922,2166,754,3028,2405,894,29916,1481,313,266,592,841,428,132,31,24,29,260,402,,,,54059,34,2634,56727,93257,
12,GUERRERO,5,ACAPULCO DE JUAREZ,58,156,1333,7056,8752,688,2069,1242,491,23248,1688,321,331,703,538,324,169,75,19,78,302,428,,,,49855,59,2972,52886,93690,
12,GUERRERO,6,ACAPULCO DE JUAREZ,53,139,1427,7126,4066,847,2120,1214,649,24304,1518,339,185,513,491,257,161,50,7,40,357,350,,,,46021,44,2577,48642,85092,
12,GUERRERO,7,ACAPULCO DE JUAREZ,39,160,2294,11709,2268,1907,2089,1384,1168,23885,2235,411,238,356,583,293,132,85,38,50,589,,,,,51714,12,3232,54958,98751,
12,GUERRERO,8,ACAPULCO DE JUAREZ,80,155,1332,10424,5959,768,1366,3671,533,18435,2475,400,1223,839,506,78,228,60,29,99,362,536,,,,49323,17,2649,51989,82443,
12,GUERRERO,9,ACAPULCO DE JUAREZ,62,148,2527,9906,7529,1125,1440,1448,676,16828,2491,214,214,1251,633,187,153,141,13,61,480,328,,,,47645,8,3353,51006,85362,
12,GUERRERO,10,TECPAN DE GALEANA,119,184,688,7959,11248,2305,739,939,7776,15937,836,823,102,249,125,197,93,58,20,61,133,198,,,1967,52453,17,3481,55951,88132,
12,GUERRERO,11,ZIHUATANEJO DE AZUETA,107,184,1040,11943,11281,978,1071,1217,570,18391,882,133,136,773,81,316,86,104,8,83,358,204,,,,49655,4,2614,52273,89543,
12,GUERRERO,12,ZIHUATANEJO DE AZUETA,100,182,752,11299,12764,5540,886,1180,323,15952,537,229,138,483,43,89,216,52,17,76,717,245,,,,51538,68,2955,54561,85593,
12,GUERRERO,13,SAN MARCOS,110,173,3349,4785,12164,14158,859,1675,510,15127,1093,999,42,109,194,291,117,113,41,136,557,200,,,,56519,15,3613,60147,85460,
12,GUERRERO,14,AYUTLA DE LOS LIBRES,100,164,563,4174,8401,9109,1933,819,1183,18849,455,283,347,542,180,160,37,67,13,42,627,,,,,47784,1,3663,51448,79430,
12,GUERRERO,15,SAN LUIS ACATLAN,105,170,2254,10371,3540,4640,2893,4084,506,19402,758,1789,193,313,350,150,60,30,15,52,280,,,,,51680,1,3354,55035,79695,
12,GUERRERO,16,OMETEPEC,67,150,2246,11451,3912,1124,12441,689,733,14116,1453,3610,93,57,1142,108,30,37,6,29,182,,,,,53459,3,3887,57349,78231,
12,GUERRERO,17,COYUCA DE CATALAN,158,206,585,11308,15063,540,570,853,239,19133,,71,9,18,12,,108,49,11,43,89,,,,,48701,61,2717,51479,86636,
12,GUERRERO,18,PUNGARABATO,150,221,1336,11314,26285,669,816,819,228,15260,332,93,48,217,27,35,88,83,9,57,194,133,,,,58043,20,3116,61179,96914,
12,GUERRERO,19,EDUARDO NERI,96,155,1450,16021,3853,765,5802,718,1859,10334,321,203,,1267,49,,76,112,17,38,550,,,,,43435,10,2793,46238,76034,
12,GUERRERO,20,TELOLOAPAN,182,219,718,11343,16016,816,1437,6939,2011,5870,342,411,128,54,773,58,,,,,282,,107,,,47305,17,3258,50580,78754,
12,GUERRERO,21,TAXCO DE ALARCON,126,203,11584,14748,3456,3064,2463,1703,3294,14446,748,2434,1106,801,522,164,225,159,85,32,423,140,,,,61597,15,3107,64719,99902,
12,GUERRERO,22,IGUALA DE LA INDEPENDENCIA,71,169,2013,12468,11320,1486,2922,1406,871,18172,966,247,1556,300,229,279,231,90,22,90,418,242,,,,55328,30,2398,57756,96858,
12,GUERRERO,23,HUITZUCO DE LOS FIGUEROA,112,187,6001,13776,4828,3655,3479,2955,2307,13447,1121,497,764,947,,131,85,164,38,54,501,,,,,54750,29,3371,58150,94180,
12,GUERRERO,24,TIXTLA DE GUERRERO,121,192,1572,8874,19678,2138,1608,5163,783,12294,1027,297,158,242,254,489,211,129,57,176,307,185,,,,55642,12,4329,59983,92637,
12,GUERRERO,25,CHILAPA DE ALVAREZ,94,186,1333,16087,12966,757,2480,868,599,13521,1611,291,78,187,,2566,82,69,11,56,192,244,,,,53998,4,4483,58485,97167,
12,GUERRERO,26,ATLIXTAC,108,192,7864,9894,18735,2149,4528,1495,1447,8946,729,379,250,57,169,784,,,,,75,,130,,,57631,17,3999,61647,81518,
12,GUERRERO,27,TLAPA DE COMONFORT,92,187,1075,15771,3871,1728,13934,1747,382,20139,355,857,237,432,255,1121,44,43,11,74,370,113,,,,62559,39,4027,66625,98368,
12,GUERRERO,28,TLAPA DE COMONFORT,105,202,459,9813,7379,1612,10779,4146,806,16974,1013,322,2504,854,99,233,32,16,6,27,121,,,,,57195,23,4593,61811,94117,
