ID_ESTADO,NOMBRE_ESTADO,ID_DISTRITO_LOCAL,CABECERA_DISTRITAL_LOCAL,SECCIONES,CASILLAS,PAN,PRI,PRD,PVEM,PT,MC,MORENA,ELIGE,PES,RSP,FXM,PAN_PRI_PRD,PAN_PRI,PAN_PRD,PRI_PRD,PVEM_PT_MORENA,PVEM_PT,PVEM_MORENA,PT_MORENA,CAND_IND1,CAND_IND2,CAND_IND3,CAND_IND4,CAND_IND5,CAND_IND6,CAND_IND7,CAND_IND8,CAND_IND9,NUM_VOTOS_VALIDOS,NUM_VOTOS_CAN_NREG,NUM_VOTOS_NULOS,TOTAL_VOTOS,LISTA_NOMINAL,RUTA_ACTA
9,CIUDAD DE MEXICO,1,GUSTAVO A. MADERO,143,379,8912,8107,6404,3174,1776,2774,52741,1325,4799,1325,1627,,,,212,,,,659,,,,,,,,,,93835,148,4023,98006,233262,
9,CIUDAD DE MEXICO,2,GUSTAVO A. MADERO,263,488,45311,21118,6556,4247,4414,4127,45870,1296,1597,1026,2002,1666,267,67,52,,,,630,,,,,,,,,,140246,181,3501,143928,254585,
9,CIUDAD DE MEXICO,3,AZCAPOTZALCO,198,416,28551,14263,2875,4720,2047,3115,48969,813,2096,804,8426,1194,197,44,24,,,,592,,,,,,,,,,118730,158,3618,122506,236951,
9,CIUDAD DE MEXICO,4,GUSTAVO A. MADERO,219,483,18842,15953,19986,3393,2553,4017,55367,1332,1963,1295,1901,,,,,,,,551,,,,,,,,,,127153,150,4470,131773,276951,
9,CIUDAD DE MEXICO,5,AZCAPOTZALCO,222,467,48428,17980,2953,3563,2305,4299,51317,1084,2182,2188,3435,,,,217,448,38,127,445,,,,,,,,,941,141950,186,4448,146584,261053,
9,CIUDAD DE MEXICO,6,GUSTAVO A. MADERO,233,500,26002,23008,14393,3794,2647,4758,60989,1475,2524,1274,2311,1653,259,77,88,,,,567,,,,,,,,,,145819,224,4220,150263,288457,
9,CIUDAD DE MEXICO,7,MILPA ALTA,95,338,6073,20461,3443,6162,3241,5086,41567,1275,7214,1203,2793,629,137,34,177,,,,621,,,,,,,,,,100116,109,4397,104622,215971,
9,CIUDAD DE MEXICO,8,TLAHUAC,94,318,10589,14271,4915,4814,2108,2343,38624,829,3312,967,1915,678,149,24,209,,,,488,,,,,,,,,,86235,127,3098,89460,201849,
9,CIUDAD DE MEXICO,9,CUAUHTEMOC,184,404,21413,27130,2769,3296,2404,3453,42932,776,3380,1040,1662,1305,249,42,88,,,,701,1560,,,,,,,,,114200,189,3933,118322,236970,
9,CIUDAD DE MEXICO,10,VENUSTIANO CARRANZA,206,434,26377,21540,8218,2888,2432,4505,58657,1153,2989,1095,1746,1780,213,68,73,,,,634,,,,,,,,,,134368,175,3922,138465,253345,
9,CIUDAD DE MEXICO,11,IZTACALCO,213,449,23186,17715,7836,5057,2489,6049,58932,1031,2582,977,2467,1235,159,69,76,,,,663,,,,,,,,,,130523,232,3826,134581,257446,
9,CIUDAD DE MEXICO,12,CUAUHTEMOC,205,434,41300,22887,3912,2829,1835,4620,42085,947,1511,624,2207,1845,303,60,35,,,,591,,,,,,,1435,,,129026,235,3288,132549,250057,
9,CIUDAD DE MEXICO,13,MIGUEL HIDALGO,182,364,65413,12904,2073,1701,2273,3346,35526,765,752,447,920,,,,251,,,,656,,,,,,,,,,127027,126,3051,130204,207688,
9,CIUDAD DE MEXICO,14,TLALPAN,130,369,28875,14806,2709,2885,2321,8062,44091,1107,1507,559,2729,,,,,,,,493,,,,,,,,,,110144,176,4239,114559,221681,
9,CIUDAD DE MEXICO,15,IZTACALCO,216,444,31658,17939,8014,9942,2067,3728,48431,1042,2270,1224,2612,,,,,,,,739,,,,,,,,,,129666,174,4223,134063,253043,
9,CIUDAD DE MEXICO,16,TLALPAN,193,425,46278,19529,3498,2014,1920,6383,41848,1131,1031,559,11862,1807,308,57,42,,,,610,,,,,,,,,,138877,213,3550,142640,244531,
9,CIUDAD DE MEXICO,17,BENITO JUAREZ,169,407,94947,14553,2601,1321,1128,3890,28307,629,712,459,818,,,,,,,,392,,,,,,,,,,149757,186,3011,152954,239143,
9,CIUDAD DE MEXICO,18,ALVARO OBREGON,182,436,25548,17766,12406,3790,2217,3785,48043,1327,1983,866,3014,1884,246,103,104,,,,556,,,,,,,,,,123638,149,4077,127864,259100,
9,CIUDAD DE MEXICO,19,XOCHIMILCO,92,347,17695,11397,2918,3366,2074,8573,41153,1120,1683,979,2017,960,173,39,37,,,,529,,2034,,,,,,,,96747,109,3443,100299,223247,
9,CIUDAD DE MEXICO,20,CUAJIMALPA DE MORELOS,124,426,39573,46040,5270,4926,2238,5812,41161,1165,3131,1164,2275,,,,478,,,,523,,,,,,,,,,153756,159,5330,159245,265681,
9,CIUDAD DE MEXICO,21,IZTAPALAPA,154,359,14525,12434,8409,3505,2520,2990,44061,795,1857,706,1278,,,,276,,,,732,,,,,,,,,,94088,119,3556,97763,207848,
9,CIUDAD DE MEXICO,22,IZTAPALAPA,138,330,9257,9767,6943,3523,2014,2830,43982,852,1387,704,1152,,,,,,,,626,,,,,,,,,,83037,78,3167,86282,199045,
9,CIUDAD DE MEXICO,23,ALVARO OBREGON,215,461,63206,20043,7973,2763,1815,5219,40300,1045,1816,501,3183,,,,,,,,477,,,,,,,,1124,,149465,150,4844,154459,263719,
9,CIUDAD DE MEXICO,24,IZTAPALAPA,215,453,30471,18566,8415,9048,2213,4659,48774,1137,1963,808,1768,1387,217,63,56,,,,547,,,,,,,,,,130092,185,3731,134008,256008,
9,CIUDAD DE MEXICO,25,XOCHIMILCO,108,352,19403,12624,2166,4129,3143,3601,40770,703,1877,1230,1467,1100,211,65,33,,,,437,,,1146,,,1104,,,,95209,164,3349,98722,221753,
9,CIUDAD DE MEXICO,26,COYOACAN,165,388,76996,16003,3181,1622,1649,4166,34736,1037,915,486,1301,,,,221,,,,442,,,,,,,,,,142755,174,3522,146451,230005,
9,CIUDAD DE MEXICO,27,IZTAPALAPA,118,343,5687,6985,6790,3355,2051,2194,49268,910,1804,546,980,,,,128,,,,638,,,,,,,,,,81336,93,3117,84546,212063,
9,CIUDAD DE MEXICO,28,IZTAPALAPA,139,339,18602,12273,3006,2997,2133,3602,42959,680,1622,550,1262,,,349,,,,,768,,,,,1778,,,,,92581,139,3365,96085,206837,
9,CIUDAD DE MEXICO,29,IZTAPALAPA,109,325,8384,8316,4873,2651,2032,2544,45750,690,1535,794,1195,513,95,37,30,,,,612,,,,,,,,,,80051,94,2876,83021,207182,
9,CIUDAD DE MEXICO,30,COYOACAN,167,381,54995,19393,4214,3822,1836,3591,39062,788,1358,651,1476,,,,411,,,,338,,,,,,,,,,131935,166,4172,136273,221118,
9,CIUDAD DE MEXICO,31,IZTAPALAPA,130,350,11409,10323,2550,3450,2407,2917,47074,694,2752,590,2023,574,125,26,29,,,,855,,,,,,,,,,87798,102,3103,91003,210019,
9,CIUDAD DE MEXICO,32,COYOACAN,156,416,26553,15026,12366,3172,2883,4784,56183,1459,1512,824,2057,1945,228,115,77,,,,780,,,,,,,,,,129964,557,4029,134550,251584,
9,CIUDAD DE MEXICO,33,LA MAGDALENA CONTRERAS,149,350,22149,26748,2190,2816,2617,3700,40030,707,2783,929,1883,1280,266,43,47,,,,487,,,,1785,,,,,,110460,141,3333,113934,204326,
