ID_ESTADO,NOMBRE_ESTADO,ID_DISTRITO_LOCAL,CABECERA_DISTRITAL_LOCAL,SECCIONES,CASILLAS,PAN,PRI,PRD,PVEM,PT,MC,MORENA,PES,RSP,FXM,NAEM,PAN_PRI_PRD,PAN_PRI,PAN_PRD,PRI_PRD,PT_MORENA_NAEM,PT_MORENA,PT_NAEM,MORENA_NAEM,PT_MORENA_NAEM_CM,NUM_VOTOS_VALIDOS,NUM_VOTOS_CAN_NREG,NUM_VOTOS_NULOS,TOTAL_VOTOS,LISTA_NOMINAL,RUTA_ACTA
15,MEXICO,1,CHALCO DE DIAZ COVARRUBIAS,82,417,5959,31527,5798,7479,2448,6757,58848,2082,2503,2271,2109,865,117,34,170,164,271,30,72,0,129504,80,4138,133722,283476,http://www.ieem.org.mx/proceso2021/actasdis/distrital/mr/ADMR2021_D01.pdf
15,MEXICO,2,TOLUCA DE LERDO,106,404,17837,40454,1536,4002,2085,3765,50509,3146,1508,2506,1345,1149,319,19,29,941,303,43,106,0,131602,185,3368,135155,258207,http://www.ieem.org.mx/proceso2021/actasdis/distrital/mr/ADMR2021_D02.pdf
15,MEXICO,3,CHIMALHUACAN,91,399,3121,43903,1672,2049,1437,2027,56832,1205,730,1500,2275,0,0,0,0,168,251,20,117,0,117307,326,2828,120461,264210,http://www.ieem.org.mx/proceso2021/actasdis/distrital/mr/ADMR2021_D03.pdf
15,MEXICO,4,LERMA DE VILLADA,121,449,16151,59718,3692,14843,4130,2252,51814,2517,2747,4528,3104,0,0,0,0,0,0,0,0,0,165496,165,4740,170401,281653,http://www.ieem.org.mx/proceso2021/actasdis/distrital/mr/ADMR2021_D04.pdf
15,MEXICO,5,CHICOLOAPAN DE JUAREZ,110,439,3978,51227,3166,3481,1784,2136,52384,2637,1319,3704,1775,0,0,0,0,250,242,27,62,0,128172,93,3579,131844,285096,http://www.ieem.org.mx/proceso2021/actasdis/distrital/mr/ADMR2021_D05.pdf
15,MEXICO,6,ECATEPEC DE MORELOS,106,355,7012,24631,9881,2311,1261,2173,45740,1282,879,1840,1406,0,0,0,0,88,137,7,46,0,98694,170,2881,101745,226079,http://www.ieem.org.mx/proceso2021/actasdis/distrital/mr/ADMR2021_D06.pdf
15,MEXICO,7,TENANCINGO DE DEGOLLADO,137,452,11453,41391,6861,16443,0,10116,0,12861,3011,5983,0,1310,241,56,153,0,0,0,0,52995,162874,158,5428,168460,279980,http://www.ieem.org.mx/proceso2021/actasdis/distrital/mr/ADMR2021_D07.pdf
15,MEXICO,8,ECATEPEC DE MORELOS,150,396,12937,31980,3971,4005,1540,3292,51658,1579,1118,2174,2185,0,0,0,0,222,138,14,57,0,116870,180,3520,120570,234501,http://www.ieem.org.mx/proceso2021/actasdis/distrital/mr/ADMR2021_D08.pdf
15,MEXICO,9,TEJUPILCO DE HIDALGO,252,539,5434,60747,14068,15678,5655,7291,48456,2109,3034,2952,2715,1700,261,92,334,190,218,72,123,0,171129,54,5571,176754,283571,http://www.ieem.org.mx/proceso2021/actasdis/distrital/mr/ADMR2021_D09.pdf
15,MEXICO,10,VALLE DE BRAVO,183,477,8195,66302,15446,8719,3565,4376,51361,4796,2846,3321,2516,1431,287,124,297,211,333,88,95,0,174309,29,5060,179398,271417,http://www.ieem.org.mx/proceso2021/actasdis/distrital/mr/ADMR2021_D10.pdf
15,MEXICO,11,TULTITLAN DE MARIANO ESCOBEDO,125,412,15380,33986,2194,6834,2067,3487,54046,1823,1102,2506,1254,0,0,0,0,113,250,11,35,0,125088,101,3372,128561,257848,http://www.ieem.org.mx/proceso2021/actasdis/distrital/mr/ADMR2021_D11.pdf
15,MEXICO,12,TEOLOYUCAN,113,435,19909,19098,2128,8652,0,14894,0,4600,7075,5083,0,609,125,21,11,0,0,0,0,52016,134221,786,4049,139056,281360,http://www.ieem.org.mx/proceso2021/actasdis/distrital/mr/ADMR2021_D12.pdf
15,MEXICO,13,ATLACOMULCO DE FABELA,163,478,11906,62247,1948,18889,2319,4993,47162,3369,1954,6926,3979,1288,428,45,64,354,160,64,121,0,168216,70,4588,172874,277367,http://www.ieem.org.mx/proceso2021/actasdis/distrital/mr/ADMR2021_D13.pdf
15,MEXICO,14,JILOTEPEC DE ANDRES MOLINA ENRIQUEZ,179,489,21421,62640,1233,27408,0,7143,0,4963,5569,4645,0,840,300,38,40,0,0,0,0,43708,179948,52,4736,184736,270073,http://www.ieem.org.mx/proceso2021/actasdis/distrital/mr/ADMR2021_D14.pdf
15,MEXICO,15,IXTLAHUACA DE RAYON,127,425,3004,62527,1504,7721,0,29875,0,6381,3097,2573,0,1119,262,21,78,0,0,0,0,45621,163783,63,5004,168850,263684,http://www.ieem.org.mx/proceso2021/actasdis/distrital/mr/ADMR2021_D15.pdf
15,MEXICO,16,CIUDAD ADOLFO LOPEZ MATEOS,108,413,39447,19011,1725,4963,2495,3886,45623,1924,1344,3425,1896,1269,380,49,37,2210,215,30,47,0,129976,109,3272,133357,270746,http://www.ieem.org.mx/proceso2021/actasdis/distrital/mr/ADMR2021_D16.pdf
15,MEXICO,17,HUIXQUILUCAN DE DEGOLLADO,105,419,70611,45420,4096,4739,0,5460,0,2217,1140,4034,0,0,0,0,0,0,0,0,0,35983,173700,78,3879,177657,271762,http://www.ieem.org.mx/proceso2021/actasdis/distrital/mr/ADMR2021_D17.pdf
15,MEXICO,18,TLALNEPANTLA DE BAZ,215,497,56129,36459,2128,4122,1596,5896,52366,1599,1071,2930,1454,1776,407,46,22,144,322,22,50,0,168539,162,3444,172145,289579,http://www.ieem.org.mx/proceso2021/actasdis/distrital/mr/ADMR2021_D18.pdf
15,MEXICO,19,SANTA MARIA TULTEPEC,87,425,13197,27083,13613,6978,2089,6416,54251,4212,3797,3153,2096,1090,97,42,219,427,236,39,73,0,139108,161,3890,143159,282606,http://www.ieem.org.mx/proceso2021/actasdis/distrital/mr/ADMR2021_D19.pdf
15,MEXICO,20,ZUMPANGO DE OCAMPO,151,541,26516,36642,9742,14037,0,4322,0,2359,2200,14916,0,0,0,0,0,0,0,0,0,60281,171015,335,5272,176622,347433,http://www.ieem.org.mx/proceso2021/actasdis/distrital/mr/ADMR2021_D20.pdf
15,MEXICO,21,ECATEPEC DE MORELOS,137,410,7700,32384,9030,3251,1444,2793,47958,1340,1440,1859,2141,0,0,0,0,104,178,14,57,0,111693,136,3256,115085,252831,http://www.ieem.org.mx/proceso2021/actasdis/distrital/mr/ADMR2021_D21.pdf
15,MEXICO,22,ECATEPEC DE MORELOS,159,392,8018,33415,3027,2777,1301,3857,46992,1296,875,1355,1651,0,0,0,0,202,180,6,40,0,104992,150,3021,108163,229159,http://www.ieem.org.mx/proceso2021/actasdis/distrital/mr/ADMR2021_D22.pdf
15,MEXICO,23,TEXCOCO DE MORA,114,469,13111,37264,7531,21491,1872,3739,58360,3602,2115,3979,2523,0,0,0,0,120,183,5,58,0,155953,142,4493,160588,307407,http://www.ieem.org.mx/proceso2021/actasdis/distrital/mr/ADMR2021_D23.pdf
15,MEXICO,24,CD. NEZAHUALCOYOTL,214,483,12909,23654,7616,2948,1864,31553,57861,1509,799,1829,1347,867,137,34,62,85,347,6,26,0,145453,145,3917,149515,283370,http://www.ieem.org.mx/proceso2021/actasdis/distrital/mr/ADMR2021_D24.pdf
15,MEXICO,25,CD. NEZAHUALCOYOTL,244,524,7897,23983,10953,2521,2232,37578,60277,2456,1031,2277,2135,584,77,35,79,103,344,8,56,0,154626,143,3987,158756,297266,http://www.ieem.org.mx/proceso2021/actasdis/distrital/mr/ADMR2021_D25.pdf
15,MEXICO,26,CUAUTITLAN IZCALLI,172,451,29267,29860,1532,5290,1808,5248,54384,2041,1369,2516,1685,1350,387,38,30,168,267,21,58,0,137319,143,3341,140803,268803,http://www.ieem.org.mx/proceso2021/actasdis/distrital/mr/ADMR2021_D26.pdf
15,MEXICO,27,VALLE DE CHALCO SOLIDARIDAD,114,416,3829,15913,24075,11452,2216,3693,61940,1662,1602,1615,1421,612,64,55,226,145,398,47,66,0,131031,100,4080,135211,271792,http://www.ieem.org.mx/proceso2021/actasdis/distrital/mr/ADMR2021_D27.pdf
15,MEXICO,28,AMECAMECA DE JUAREZ,170,457,7241,41287,8654,17610,1806,11456,51825,4659,4229,7225,2024,0,0,0,0,148,100,16,49,0,158329,86,4460,162875,272942,http://www.ieem.org.mx/proceso2021/actasdis/distrital/mr/ADMR2021_D28.pdf
15,MEXICO,29,NAUCALPAN DE JUAREZ,186,486,87889,25914,2299,5175,0,5258,0,2053,1372,2451,0,1751,497,164,61,0,0,0,0,34935,169819,201,3166,173186,285801,http://www.ieem.org.mx/proceso2021/actasdis/distrital/mr/ADMR2021_D29.pdf
15,MEXICO,30,NAUCALPAN DE JUAREZ,188,457,25407,24911,1568,3048,1747,6428,43007,4344,1235,2317,1644,797,262,28,21,85,379,16,34,0,117278,126,3354,120758,269717,http://www.ieem.org.mx/proceso2021/actasdis/distrital/mr/ADMR2021_D30.pdf
15,MEXICO,31,LOS REYES ACAQUILPAN,114,425,4442,53498,2952,4079,1871,2884,43989,2281,1482,6758,1408,962,161,29,111,138,294,28,59,0,127426,136,3835,131397,273868,http://www.ieem.org.mx/proceso2021/actasdis/distrital/mr/ADMR2021_D31.pdf
15,MEXICO,32,NAUCALPAN DE JUAREZ,139,455,28325,29277,1748,3315,2493,7249,46936,2577,2164,2240,1341,834,356,47,44,128,278,24,57,0,129433,131,3914,133478,283516,http://www.ieem.org.mx/proceso2021/actasdis/distrital/mr/ADMR2021_D32.pdf
15,MEXICO,33,TECAMAC DE FELIPE VILLANUEVA,188,549,31195,56727,1663,7691,2504,5262,76319,3235,969,2553,2746,637,313,34,39,314,421,74,113,0,192809,170,4090,197069,346325,http://www.ieem.org.mx/proceso2021/actasdis/distrital/mr/ADMR2021_D33.pdf
15,MEXICO,34,TOLUCA DE LERDO,152,458,26152,50056,1835,5820,2263,4132,52301,4062,2221,3167,1554,1553,552,142,50,791,294,44,96,0,157085,155,3829,161069,284119,http://www.ieem.org.mx/proceso2021/actasdis/distrital/mr/ADMR2021_D34.pdf
15,MEXICO,35,METEPEC,113,414,31192,50305,2384,7062,0,13739,0,3619,4889,5473,0,2168,483,29,43,0,0,0,0,47404,168790,183,4012,172985,273858,http://www.ieem.org.mx/proceso2021/actasdis/distrital/mr/ADMR2021_D35.pdf
15,MEXICO,36,SAN MIGUEL ZINACANTEPEC,91,409,16938,45833,2504,10997,0,4447,0,3132,2705,3312,0,1524,696,173,140,0,0,0,0,48424,140825,96,4187,145108,270744,http://www.ieem.org.mx/proceso2021/actasdis/distrital/mr/ADMR2021_D36.pdf
15,MEXICO,37,TLALNEPANTLA DE BAZ,113,401,10635,31614,2761,2242,2689,2486,51442,1779,832,1774,1802,392,169,15,36,195,410,35,67,0,111375,102,3381,114858,260941,http://www.ieem.org.mx/proceso2021/actasdis/distrital/mr/ADMR2021_D37.pdf
15,MEXICO,38,COACALCO DE BERRIOZABAL,134,429,14949,29858,11249,8505,1659,7371,51665,3332,4670,4828,1680,1006,137,36,81,165,200,57,162,0,141610,272,3937,145819,273527,http://www.ieem.org.mx/proceso2021/actasdis/distrital/mr/ADMR2021_D38.pdf
15,MEXICO,39,ACOLMAN DE NEZAHUALCOYOTL,154,463,36713,56140,2745,6700,4110,3636,54500,3368,5556,3825,2152,0,0,0,0,134,220,14,41,0,179854,207,4260,184321,289191,http://www.ieem.org.mx/proceso2021/actasdis/distrital/mr/ADMR2021_D39.pdf
15,MEXICO,40,IXTAPALUCA,159,448,7013,43165,1879,3318,1466,4665,55044,1634,1172,5516,1678,0,0,0,0,128,216,15,61,0,126970,123,3859,130952,271593,http://www.ieem.org.mx/proceso2021/actasdis/distrital/mr/ADMR2021_D40.pdf
15,MEXICO,41,CD. NEZAHUALCOYOTL,222,506,5972,21570,8183,2775,2167,34338,59520,2002,858,2014,2105,592,50,22,56,252,281,42,48,0,142847,110,4094,147051,290543,http://www.ieem.org.mx/proceso2021/actasdis/distrital/mr/ADMR2021_D41.pdf
15,MEXICO,42,ECATEPEC DE MORELOS,159,376,10243,30616,5647,2404,1689,2730,46617,1593,812,1674,1997,0,0,0,0,61,172,9,40,0,106304,142,3439,109885,217194,http://www.ieem.org.mx/proceso2021/actasdis/distrital/mr/ADMR2021_D42.pdf
15,MEXICO,43,CUAUTITLAN IZCALLI,173,444,34345,26032,1513,11110,2253,6236,53578,1997,2007,2544,1720,1888,464,27,15,134,277,16,59,0,146215,156,3231,149602,269774,http://www.ieem.org.mx/proceso2021/actasdis/distrital/mr/ADMR2021_D43.pdf
15,MEXICO,44,NICOLAS ROMERO,101,446,22989,49839,2177,3988,2523,4190,52173,2664,5324,3867,3129,0,0,0,0,132,214,21,77,0,153307,146,3910,157363,297556,http://www.ieem.org.mx/proceso2021/actasdis/distrital/mr/ADMR2021_D44.pdf
15,MEXICO,45,ALMOLOYA DE JUAREZ,109,405,13290,44226,6485,15928,0,7778,0,4197,2110,2471,0,0,0,0,0,0,0,0,0,43485,139970,255,4551,144776,254032,http://www.ieem.org.mx/proceso2021/actasdis/distrital/mr/ADMR2021_D45.pdf
