ID_ESTADO,NOMBRE_ESTADO,ID_DISTRITO_LOCAL,CABECERA_DISTRITAL_LOCAL,Partido,Votos,NUM_VOTOS_VALIDOS,NUM_VOTOS_CAN_NREG,NUM_VOTOS_NULOS,TOTAL_VOTOS,LISTA_NOMINAL,votos_coalicion
2,BAJA CALIFORNIA,1,MEXICALI,PAN,11630,44884,36,1738,46658,161073,11630
2,BAJA CALIFORNIA,1,MEXICALI,PRI,1899,44884,36,1738,46658,161073,1899
2,BAJA CALIFORNIA,1,MEXICALI,PRD,1429,44884,36,1738,46658,161073,1429
2,BAJA CALIFORNIA,1,MEXICALI,PVEM,1001,44884,36,1738,46658,161073,1001
2,BAJA CALIFORNIA,1,MEXICALI,PT,982,44884,36,1738,46658,161073,982
2,BAJA CALIFORNIA,1,MEXICALI,MC,7511,44884,36,1738,46658,161073,7511
2,BAJA CALIFORNIA,1,MEXICALI,MORENA,18063,44884,36,1738,46658,161073,18063
2,BAJA CALIFORNIA,1,MEXICALI,PVEM_PT_TRANS_MORENA,56,44884,36,1738,46658,161073,21115
2,BAJA CALIFORNIA,1,MEXICALI,PVEM_PT_TRANS,16,44884,36,1738,46658,161073,3012
2,BAJA CALIFORNIA,1,MEXICALI,PVEM_PT_MORENA,5,44884,36,1738,46658,161073,20051
2,BAJA CALIFORNIA,1,MEXICALI,PVEM_TRANS_MORENA,17,44884,36,1738,46658,161073,20094
2,BAJA CALIFORNIA,1,MEXICALI,PT_TRANS_MORENA,48,44884,36,1738,46658,161073,20106
2,BAJA CALIFORNIA,1,MEXICALI,PVEM_PT,9,44884,36,1738,46658,161073,1992
2,BAJA CALIFORNIA,1,MEXICALI,PVEM_TRANS,7,44884,36,1738,46658,161073,2021
2,BAJA CALIFORNIA,1,MEXICALI,PVEM_MORENA,29,44884,36,1738,46658,161073,19093
2,BAJA CALIFORNIA,1,MEXICALI,PT_TRANS,14,44884,36,1738,46658,161073,2009
2,BAJA CALIFORNIA,1,MEXICALI,PT_MORENA,54,44884,36,1738,46658,161073,19099
2,BAJA CALIFORNIA,1,MEXICALI,TRANS_MORENA,138,44884,36,1738,46658,161073,19214
2,BAJA CALIFORNIA,1,MEXICALI,PBC,963,44884,36,1738,46658,161073,963
2,BAJA CALIFORNIA,1,MEXICALI,TRANS,1013,44884,36,1738,46658,161073,1013
2,BAJA CALIFORNIA,1,MEXICALI,CAND_IND1,NA,44884,36,1738,46658,161073,0
2,BAJA CALIFORNIA,1,MEXICALI,CAND_IND2,NA,44884,36,1738,46658,161073,0
2,BAJA CALIFORNIA,10,TIJUANA,PAN,12807,52230,48,1720,53998,171989,12807
2,BAJA CALIFORNIA,10,TIJUANA,PRI,3814,52230,48,1720,53998,171989,3814
2,BAJA CALIFORNIA,10,TIJUANA,PRD,6471,52230,48,1720,53998,171989,6471
2,BAJA CALIFORNIA,10,TIJUANA,PVEM,1268,52230,48,1720,53998,171989,1268
2,BAJA CALIFORNIA,10,TIJUANA,PT,1030,52230,48,1720,53998,171989,1030
2,BAJA CALIFORNIA,10,TIJUANA,MC,2406,52230,48,1720,53998,171989,2406
2,BAJA CALIFORNIA,10,TIJUANA,MORENA,21167,52230,48,1720,53998,171989,21167
2,BAJA CALIFORNIA,10,TIJUANA,PVEM_PT_TRANS_MORENA,62,52230,48,1720,53998,171989,24553
2,BAJA CALIFORNIA,10,TIJUANA,PVEM_PT_TRANS,17,52230,48,1720,53998,171989,3341
2,BAJA CALIFORNIA,10,TIJUANA,PVEM_PT_MORENA,18,52230,48,1720,53998,171989,23483
2,BAJA CALIFORNIA,10,TIJUANA,PVEM_TRANS_MORENA,11,52230,48,1720,53998,171989,23472
2,BAJA CALIFORNIA,10,TIJUANA,PT_TRANS_MORENA,56,52230,48,1720,53998,171989,23279
2,BAJA CALIFORNIA,10,TIJUANA,PVEM_PT,14,52230,48,1720,53998,171989,2312
2,BAJA CALIFORNIA,10,TIJUANA,PVEM_TRANS,6,52230,48,1720,53998,171989,2300
2,BAJA CALIFORNIA,10,TIJUANA,PVEM_MORENA,29,52230,48,1720,53998,171989,22464
2,BAJA CALIFORNIA,10,TIJUANA,PT_TRANS,10,52230,48,1720,53998,171989,2066
2,BAJA CALIFORNIA,10,TIJUANA,PT_MORENA,40,52230,48,1720,53998,171989,22237
2,BAJA CALIFORNIA,10,TIJUANA,TRANS_MORENA,110,52230,48,1720,53998,171989,22303
2,BAJA CALIFORNIA,10,TIJUANA,PBC,1868,52230,48,1720,53998,171989,1868
2,BAJA CALIFORNIA,10,TIJUANA,TRANS,1026,52230,48,1720,53998,171989,1026
2,BAJA CALIFORNIA,10,TIJUANA,CAND_IND1,NA,52230,48,1720,53998,171989,0
2,BAJA CALIFORNIA,10,TIJUANA,CAND_IND2,NA,52230,48,1720,53998,171989,0
2,BAJA CALIFORNIA,11,TIJUANA,PAN,8433,48919,42,1513,50474,164908,8433
2,BAJA CALIFORNIA,11,TIJUANA,PRI,2228,48919,42,1513,50474,164908,2228
2,BAJA CALIFORNIA,11,TIJUANA,PRD,7470,48919,42,1513,50474,164908,7470
2,BAJA CALIFORNIA,11,TIJUANA,PVEM,1236,48919,42,1513,50474,164908,1236
2,BAJA CALIFORNIA,11,TIJUANA,PT,1191,48919,42,1513,50474,164908,1191
2,BAJA CALIFORNIA,11,TIJUANA,MC,2738,48919,42,1513,50474,164908,2738
2,BAJA CALIFORNIA,11,TIJUANA,MORENA,20690,48919,42,1513,50474,164908,20690
2,BAJA CALIFORNIA,11,TIJUANA,PVEM_PT_TRANS_MORENA,107,48919,42,1513,50474,164908,25406
2,BAJA CALIFORNIA,11,TIJUANA,PVEM_PT_TRANS,32,48919,42,1513,50474,164908,4641
2,BAJA CALIFORNIA,11,TIJUANA,PVEM_PT_MORENA,20,48919,42,1513,50474,164908,23137
2,BAJA CALIFORNIA,11,TIJUANA,PVEM_TRANS_MORENA,14,48919,42,1513,50474,164908,24122
2,BAJA CALIFORNIA,11,TIJUANA,PT_TRANS_MORENA,66,48919,42,1513,50474,164908,24129
2,BAJA CALIFORNIA,11,TIJUANA,PVEM_PT,13,48919,42,1513,50474,164908,2440
2,BAJA CALIFORNIA,11,TIJUANA,PVEM_TRANS,7,48919,42,1513,50474,164908,3425
2,BAJA CALIFORNIA,11,TIJUANA,PVEM_MORENA,24,48919,42,1513,50474,164908,21950
2,BAJA CALIFORNIA,11,TIJUANA,PT_TRANS,17,48919,42,1513,50474,164908,3390
2,BAJA CALIFORNIA,11,TIJUANA,PT_MORENA,55,48919,42,1513,50474,164908,21936
2,BAJA CALIFORNIA,11,TIJUANA,TRANS_MORENA,180,48919,42,1513,50474,164908,23052
2,BAJA CALIFORNIA,11,TIJUANA,PBC,2216,48919,42,1513,50474,164908,2216
2,BAJA CALIFORNIA,11,TIJUANA,TRANS,2182,48919,42,1513,50474,164908,2182
2,BAJA CALIFORNIA,11,TIJUANA,CAND_IND1,NA,48919,42,1513,50474,164908,0
2,BAJA CALIFORNIA,11,TIJUANA,CAND_IND2,NA,48919,42,1513,50474,164908,0
2,BAJA CALIFORNIA,12,TIJUANA,PAN,5145,39459,31,1216,40706,158602,5145
2,BAJA CALIFORNIA,12,TIJUANA,PRI,1644,39459,31,1216,40706,158602,1644
2,BAJA CALIFORNIA,12,TIJUANA,PRD,5526,39459,31,1216,40706,158602,5526
2,BAJA CALIFORNIA,12,TIJUANA,PVEM,1296,39459,31,1216,40706,158602,1296
2,BAJA CALIFORNIA,12,TIJUANA,PT,1488,39459,31,1216,40706,158602,1488
2,BAJA CALIFORNIA,12,TIJUANA,MC,2445,39459,31,1216,40706,158602,2445
2,BAJA CALIFORNIA,12,TIJUANA,MORENA,19132,39459,31,1216,40706,158602,19132
2,BAJA CALIFORNIA,12,TIJUANA,PVEM_PT_TRANS_MORENA,68,39459,31,1216,40706,158602,22929
2,BAJA CALIFORNIA,12,TIJUANA,PVEM_PT_TRANS,27,39459,31,1216,40706,158602,3756
2,BAJA CALIFORNIA,12,TIJUANA,PVEM_PT_MORENA,35,39459,31,1216,40706,158602,21951
2,BAJA CALIFORNIA,12,TIJUANA,PVEM_TRANS_MORENA,21,39459,31,1216,40706,158602,21394
2,BAJA CALIFORNIA,12,TIJUANA,PT_TRANS_MORENA,55,39459,31,1216,40706,158602,21620
2,BAJA CALIFORNIA,12,TIJUANA,PVEM_PT,15,39459,31,1216,40706,158602,2799
2,BAJA CALIFORNIA,12,TIJUANA,PVEM_TRANS,9,39459,31,1216,40706,158602,2250
2,BAJA CALIFORNIA,12,TIJUANA,PVEM_MORENA,41,39459,31,1216,40706,158602,20469
2,BAJA CALIFORNIA,12,TIJUANA,PT_TRANS,24,39459,31,1216,40706,158602,2457
2,BAJA CALIFORNIA,12,TIJUANA,PT_MORENA,72,39459,31,1216,40706,158602,20692
2,BAJA CALIFORNIA,12,TIJUANA,TRANS_MORENA,118,39459,31,1216,40706,158602,20195
2,BAJA CALIFORNIA,12,TIJUANA,PBC,1353,39459,31,1216,40706,158602,1353
2,BAJA CALIFORNIA,12,TIJUANA,TRANS,945,39459,31,1216,40706,158602,945
2,BAJA CALIFORNIA,12,TIJUANA,CAND_IND1,NA,39459,31,1216,40706,158602,0
2,BAJA CALIFORNIA,12,TIJUANA,CAND_IND2,NA,39459,31,1216,40706,158602,0
2,BAJA CALIFORNIA,13,TIJUANA,PAN,6607,44319,34,1153,45506,181340,6607
2,BAJA CALIFORNIA,13,TIJUANA,PRI,1668,44319,34,1153,45506,181340,1668
2,BAJA CALIFORNIA,13,TIJUANA,PRD,7451,44319,34,1153,45506,181340,7451
2,BAJA CALIFORNIA,13,TIJUANA,PVEM,1112,44319,34,1153,45506,181340,1112
2,BAJA CALIFORNIA,13,TIJUANA,PT,1137,44319,34,1153,45506,181340,1137
2,BAJA CALIFORNIA,13,TIJUANA,MC,1977,44319,34,1153,45506,181340,1977
2,BAJA CALIFORNIA,13,TIJUANA,MORENA,21843,44319,34,1153,45506,181340,21843
2,BAJA CALIFORNIA,13,TIJUANA,PVEM_PT_TRANS_MORENA,185,44319,34,1153,45506,181340,25000
2,BAJA CALIFORNIA,13,TIJUANA,PVEM_PT_TRANS,15,44319,34,1153,45506,181340,2987
2,BAJA CALIFORNIA,13,TIJUANA,PVEM_PT_MORENA,28,44319,34,1153,45506,181340,24120
2,BAJA CALIFORNIA,13,TIJUANA,PVEM_TRANS_MORENA,23,44319,34,1153,45506,181340,23701
2,BAJA CALIFORNIA,13,TIJUANA,PT_TRANS_MORENA,56,44319,34,1153,45506,181340,23759
2,BAJA CALIFORNIA,13,TIJUANA,PVEM_PT,21,44319,34,1153,45506,181340,2270
2,BAJA CALIFORNIA,13,TIJUANA,PVEM_TRANS,6,44319,34,1153,45506,181340,1841
2,BAJA CALIFORNIA,13,TIJUANA,PVEM_MORENA,36,44319,34,1153,45506,181340,22991
2,BAJA CALIFORNIA,13,TIJUANA,PT_TRANS,12,44319,34,1153,45506,181340,1872
2,BAJA CALIFORNIA,13,TIJUANA,PT_MORENA,65,44319,34,1153,45506,181340,23045
2,BAJA CALIFORNIA,13,TIJUANA,TRANS_MORENA,88,44319,34,1153,45506,181340,22654
2,BAJA CALIFORNIA,13,TIJUANA,PBC,1266,44319,34,1153,45506,181340,1266
2,BAJA CALIFORNIA,13,TIJUANA,TRANS,723,44319,34,1153,45506,181340,723
2,BAJA CALIFORNIA,13,TIJUANA,CAND_IND1,NA,44319,34,1153,45506,181340,0
2,BAJA CALIFORNIA,13,TIJUANA,CAND_IND2,NA,44319,34,1153,45506,181340,0
2,BAJA CALIFORNIA,14,TIJUANA,PAN,4645,42713,33,990,43736,176010,4645
2,BAJA CALIFORNIA,14,TIJUANA,PRI,2199,42713,33,990,43736,176010,2199
2,BAJA CALIFORNIA,14,TIJUANA,PRD,6171,42713,33,990,43736,176010,6171
2,BAJA CALIFORNIA,14,TIJUANA,PVEM,1057,42713,33,990,43736,176010,1057
2,BAJA CALIFORNIA,14,TIJUANA,PT,1287,42713,33,990,43736,176010,1287
2,BAJA CALIFORNIA,14,TIJUANA,MC,2049,42713,33,990,43736,176010,2049
2,BAJA CALIFORNIA,14,TIJUANA,MORENA,23122,42713,33,990,43736,176010,23122
2,BAJA CALIFORNIA,14,TIJUANA,PVEM_PT_TRANS_MORENA,59,42713,33,990,43736,176010,26144
2,BAJA CALIFORNIA,14,TIJUANA,PVEM_PT_TRANS,16,42713,33,990,43736,176010,2979
2,BAJA CALIFORNIA,14,TIJUANA,PVEM_PT_MORENA,26,42713,33,990,43736,176010,25492
2,BAJA CALIFORNIA,14,TIJUANA,PVEM_TRANS_MORENA,16,42713,33,990,43736,176010,24814
2,BAJA CALIFORNIA,14,TIJUANA,PT_TRANS_MORENA,59,42713,33,990,43736,176010,25087
2,BAJA CALIFORNIA,14,TIJUANA,PVEM_PT,16,42713,33,990,43736,176010,2360
2,BAJA CALIFORNIA,14,TIJUANA,PVEM_TRANS,3,42713,33,990,43736,176010,1679
2,BAJA CALIFORNIA,14,TIJUANA,PVEM_MORENA,34,42713,33,990,43736,176010,24213
2,BAJA CALIFORNIA,14,TIJUANA,PT_TRANS,10,42713,33,990,43736,176010,1916
2,BAJA CALIFORNIA,14,TIJUANA,PT_MORENA,66,42713,33,990,43736,176010,24475
2,BAJA CALIFORNIA,14,TIJUANA,TRANS_MORENA,91,42713,33,990,43736,176010,23832
2,BAJA CALIFORNIA,14,TIJUANA,PBC,1168,42713,33,990,43736,176010,1168
2,BAJA CALIFORNIA,14,TIJUANA,TRANS,619,42713,33,990,43736,176010,619
2,BAJA CALIFORNIA,14,TIJUANA,CAND_IND1,NA,42713,33,990,43736,176010,0
2,BAJA CALIFORNIA,14,TIJUANA,CAND_IND2,NA,42713,33,990,43736,176010,0
2,BAJA CALIFORNIA,15,ROSARITO,PAN,14104,53733,124,1877,55734,184589,14104
2,BAJA CALIFORNIA,15,ROSARITO,PRI,2824,53733,124,1877,55734,184589,2824
2,BAJA CALIFORNIA,15,ROSARITO,PRD,2440,53733,124,1877,55734,184589,2440
2,BAJA CALIFORNIA,15,ROSARITO,PVEM,980,53733,124,1877,55734,184589,980
2,BAJA CALIFORNIA,15,ROSARITO,PT,1657,53733,124,1877,55734,184589,1657
2,BAJA CALIFORNIA,15,ROSARITO,MC,5629,53733,124,1877,55734,184589,5629
2,BAJA CALIFORNIA,15,ROSARITO,MORENA,22052,53733,124,1877,55734,184589,22052
2,BAJA CALIFORNIA,15,ROSARITO,PVEM_PT_TRANS_MORENA,170,53733,124,1877,55734,184589,26266
2,BAJA CALIFORNIA,15,ROSARITO,PVEM_PT_TRANS,30,53733,124,1877,55734,184589,4074
2,BAJA CALIFORNIA,15,ROSARITO,PVEM_PT_MORENA,46,53733,124,1877,55734,184589,24735
2,BAJA CALIFORNIA,15,ROSARITO,PVEM_TRANS_MORENA,25,53733,124,1877,55734,184589,24464
2,BAJA CALIFORNIA,15,ROSARITO,PT_TRANS_MORENA,94,53733,124,1877,55734,184589,25210
2,BAJA CALIFORNIA,15,ROSARITO,PVEM_PT,13,53733,124,1877,55734,184589,2650
2,BAJA CALIFORNIA,15,ROSARITO,PVEM_TRANS,7,53733,124,1877,55734,184589,2394
2,BAJA CALIFORNIA,15,ROSARITO,PVEM_MORENA,40,53733,124,1877,55734,184589,23072
2,BAJA CALIFORNIA,15,ROSARITO,PT_TRANS,16,53733,124,1877,55734,184589,3080
2,BAJA CALIFORNIA,15,ROSARITO,PT_MORENA,124,53733,124,1877,55734,184589,23833
2,BAJA CALIFORNIA,15,ROSARITO,TRANS_MORENA,172,53733,124,1877,55734,184589,23631
2,BAJA CALIFORNIA,15,ROSARITO,PBC,1903,53733,124,1877,55734,184589,1903
2,BAJA CALIFORNIA,15,ROSARITO,TRANS,1407,53733,124,1877,55734,184589,1407
2,BAJA CALIFORNIA,15,ROSARITO,CAND_IND1,NA,53733,124,1877,55734,184589,0
2,BAJA CALIFORNIA,15,ROSARITO,CAND_IND2,NA,53733,124,1877,55734,184589,0
2,BAJA CALIFORNIA,16,ENSENADA,PAN,7809,49301,37,1277,50615,163938,7809
2,BAJA CALIFORNIA,16,ENSENADA,PRI,4625,49301,37,1277,50615,163938,4625
2,BAJA CALIFORNIA,16,ENSENADA,PRD,1267,49301,37,1277,50615,163938,1267
2,BAJA CALIFORNIA,16,ENSENADA,PVEM,644,49301,37,1277,50615,163938,644
2,BAJA CALIFORNIA,16,ENSENADA,PT,3074,49301,37,1277,50615,163938,3074
2,BAJA CALIFORNIA,16,ENSENADA,MC,1822,49301,37,1277,50615,163938,1822
2,BAJA CALIFORNIA,16,ENSENADA,MORENA,16918,49301,37,1277,50615,163938,16918
2,BAJA CALIFORNIA,16,ENSENADA,PVEM_PT_TRANS_MORENA,79,49301,37,1277,50615,163938,21683
2,BAJA CALIFORNIA,16,ENSENADA,PVEM_PT_TRANS,21,49301,37,1277,50615,163938,4707
2,BAJA CALIFORNIA,16,ENSENADA,PVEM_PT_MORENA,63,49301,37,1277,50615,163938,20699
2,BAJA CALIFORNIA,16,ENSENADA,PVEM_TRANS_MORENA,11,49301,37,1277,50615,163938,18541
2,BAJA CALIFORNIA,16,ENSENADA,PT_TRANS_MORENA,105,49301,37,1277,50615,163938,21065
2,BAJA CALIFORNIA,16,ENSENADA,PVEM_PT,28,49301,37,1277,50615,163938,3746
2,BAJA CALIFORNIA,16,ENSENADA,PVEM_TRANS,12,49301,37,1277,50615,163938,1624
2,BAJA CALIFORNIA,16,ENSENADA,PVEM_MORENA,29,49301,37,1277,50615,163938,17591
2,BAJA CALIFORNIA,16,ENSENADA,PT_TRANS,17,49301,37,1277,50615,163938,4059
2,BAJA CALIFORNIA,16,ENSENADA,PT_MORENA,222,49301,37,1277,50615,163938,20214
2,BAJA CALIFORNIA,16,ENSENADA,TRANS_MORENA,94,49301,37,1277,50615,163938,17980
2,BAJA CALIFORNIA,16,ENSENADA,PBC,1192,49301,37,1277,50615,163938,1192
2,BAJA CALIFORNIA,16,ENSENADA,TRANS,968,49301,37,1277,50615,163938,968
2,BAJA CALIFORNIA,16,ENSENADA,CAND_IND1,NA,49301,37,1277,50615,163938,0
2,BAJA CALIFORNIA,16,ENSENADA,CAND_IND2,10301,49301,37,1277,50615,163938,10301
2,BAJA CALIFORNIA,17,ENSENADA,PAN,6455,36194,68,1527,37789,150279,6455
2,BAJA CALIFORNIA,17,ENSENADA,PRI,2782,36194,68,1527,37789,150279,2782
2,BAJA CALIFORNIA,17,ENSENADA,PRD,1861,36194,68,1527,37789,150279,1861
2,BAJA CALIFORNIA,17,ENSENADA,PVEM,944,36194,68,1527,37789,150279,944
2,BAJA CALIFORNIA,17,ENSENADA,PT,2349,36194,68,1527,37789,150279,2349
2,BAJA CALIFORNIA,17,ENSENADA,MC,2206,36194,68,1527,37789,150279,2206
2,BAJA CALIFORNIA,17,ENSENADA,MORENA,16698,36194,68,1527,37789,150279,16698
2,BAJA CALIFORNIA,17,ENSENADA,PVEM_PT_TRANS_MORENA,122,36194,68,1527,37789,150279,21144
2,BAJA CALIFORNIA,17,ENSENADA,PVEM_PT_TRANS,117,36194,68,1527,37789,150279,4441
2,BAJA CALIFORNIA,17,ENSENADA,PVEM_PT_MORENA,49,36194,68,1527,37789,150279,20040
2,BAJA CALIFORNIA,17,ENSENADA,PVEM_TRANS_MORENA,9,36194,68,1527,37789,150279,18682
2,BAJA CALIFORNIA,17,ENSENADA,PT_TRANS_MORENA,81,36194,68,1527,37789,150279,20159
2,BAJA CALIFORNIA,17,ENSENADA,PVEM_PT,37,36194,68,1527,37789,150279,3330
2,BAJA CALIFORNIA,17,ENSENADA,PVEM_TRANS,5,36194,68,1527,37789,150279,1980
2,BAJA CALIFORNIA,17,ENSENADA,PVEM_MORENA,45,36194,68,1527,37789,150279,17687
2,BAJA CALIFORNIA,17,ENSENADA,PT_TRANS,19,36194,68,1527,37789,150279,3399
2,BAJA CALIFORNIA,17,ENSENADA,PT_MORENA,152,36194,68,1527,37789,150279,19199
2,BAJA CALIFORNIA,17,ENSENADA,TRANS_MORENA,86,36194,68,1527,37789,150279,17815
2,BAJA CALIFORNIA,17,ENSENADA,PBC,1146,36194,68,1527,37789,150279,1146
2,BAJA CALIFORNIA,17,ENSENADA,TRANS,1031,36194,68,1527,37789,150279,1031
2,BAJA CALIFORNIA,17,ENSENADA,CAND_IND1,NA,36194,68,1527,37789,150279,0
2,BAJA CALIFORNIA,17,ENSENADA,CAND_IND2,NA,36194,68,1527,37789,150279,0
2,BAJA CALIFORNIA,2,MEXICALI,PAN,16469,54145,123,1307,55575,160383,16469
2,BAJA CALIFORNIA,2,MEXICALI,PRI,2178,54145,123,1307,55575,160383,2178
2,BAJA CALIFORNIA,2,MEXICALI,PRD,1287,54145,123,1307,55575,160383,1287
2,BAJA CALIFORNIA,2,MEXICALI,PVEM,951,54145,123,1307,55575,160383,951
2,BAJA CALIFORNIA,2,MEXICALI,PT,852,54145,123,1307,55575,160383,852
2,BAJA CALIFORNIA,2,MEXICALI,MC,5693,54145,123,1307,55575,160383,5693
2,BAJA CALIFORNIA,2,MEXICALI,MORENA,21242,54145,123,1307,55575,160383,21242
2,BAJA CALIFORNIA,2,MEXICALI,PVEM_PT_TRANS_MORENA,81,54145,123,1307,55575,160383,24235
2,BAJA CALIFORNIA,2,MEXICALI,PVEM_PT_TRANS,26,54145,123,1307,55575,160383,2938
2,BAJA CALIFORNIA,2,MEXICALI,PVEM_PT_MORENA,30,54145,123,1307,55575,160383,23075
2,BAJA CALIFORNIA,2,MEXICALI,PVEM_TRANS_MORENA,17,54145,123,1307,55575,160383,23319
2,BAJA CALIFORNIA,2,MEXICALI,PT_TRANS_MORENA,70,54145,123,1307,55575,160383,23273
2,BAJA CALIFORNIA,2,MEXICALI,PVEM_PT,9,54145,123,1307,55575,160383,1812
2,BAJA CALIFORNIA,2,MEXICALI,PVEM_TRANS,1,54145,123,1307,55575,160383,2061
2,BAJA CALIFORNIA,2,MEXICALI,PVEM_MORENA,32,54145,123,1307,55575,160383,22225
2,BAJA CALIFORNIA,2,MEXICALI,PT_TRANS,8,54145,123,1307,55575,160383,1969
2,BAJA CALIFORNIA,2,MEXICALI,PT_MORENA,42,54145,123,1307,55575,160383,22136
2,BAJA CALIFORNIA,2,MEXICALI,TRANS_MORENA,133,54145,123,1307,55575,160383,22484
2,BAJA CALIFORNIA,2,MEXICALI,PBC,3915,54145,123,1307,55575,160383,3915
2,BAJA CALIFORNIA,2,MEXICALI,TRANS,1109,54145,123,1307,55575,160383,1109
2,BAJA CALIFORNIA,2,MEXICALI,CAND_IND1,NA,54145,123,1307,55575,160383,0
2,BAJA CALIFORNIA,2,MEXICALI,CAND_IND2,NA,54145,123,1307,55575,160383,0
2,BAJA CALIFORNIA,3,MEXICALI,PAN,22041,64491,160,1874,66525,168464,22041
2,BAJA CALIFORNIA,3,MEXICALI,PRI,4183,64491,160,1874,66525,168464,4183
2,BAJA CALIFORNIA,3,MEXICALI,PRD,1673,64491,160,1874,66525,168464,1673
2,BAJA CALIFORNIA,3,MEXICALI,PVEM,1099,64491,160,1874,66525,168464,1099
2,BAJA CALIFORNIA,3,MEXICALI,PT,1025,64491,160,1874,66525,168464,1025
2,BAJA CALIFORNIA,3,MEXICALI,MC,3446,64491,160,1874,66525,168464,3446
2,BAJA CALIFORNIA,3,MEXICALI,MORENA,23073,64491,160,1874,66525,168464,23073
2,BAJA CALIFORNIA,3,MEXICALI,PVEM_PT_TRANS_MORENA,93,64491,160,1874,66525,168464,26916
2,BAJA CALIFORNIA,3,MEXICALI,PVEM_PT_TRANS,23,64491,160,1874,66525,168464,3773
2,BAJA CALIFORNIA,3,MEXICALI,PVEM_PT_MORENA,22,64491,160,1874,66525,168464,25219
2,BAJA CALIFORNIA,3,MEXICALI,PVEM_TRANS_MORENA,21,64491,160,1874,66525,168464,25819
2,BAJA CALIFORNIA,3,MEXICALI,PT_TRANS_MORENA,80,64491,160,1874,66525,168464,25804
2,BAJA CALIFORNIA,3,MEXICALI,PVEM_PT,9,64491,160,1874,66525,168464,2133
2,BAJA CALIFORNIA,3,MEXICALI,PVEM_TRANS,11,64491,160,1874,66525,168464,2736
2,BAJA CALIFORNIA,3,MEXICALI,PVEM_MORENA,37,64491,160,1874,66525,168464,24209
2,BAJA CALIFORNIA,3,MEXICALI,PT_TRANS,15,64491,160,1874,66525,168464,2666
2,BAJA CALIFORNIA,3,MEXICALI,PT_MORENA,53,64491,160,1874,66525,168464,24151
2,BAJA CALIFORNIA,3,MEXICALI,TRANS_MORENA,197,64491,160,1874,66525,168464,24896
2,BAJA CALIFORNIA,3,MEXICALI,PBC,5764,64491,160,1874,66525,168464,5764
2,BAJA CALIFORNIA,3,MEXICALI,TRANS,1626,64491,160,1874,66525,168464,1626
2,BAJA CALIFORNIA,3,MEXICALI,CAND_IND1,NA,64491,160,1874,66525,168464,0
2,BAJA CALIFORNIA,3,MEXICALI,CAND_IND2,NA,64491,160,1874,66525,168464,0
2,BAJA CALIFORNIA,4,MEXICALI,PAN,10782,48334,52,1321,49707,156176,10782
2,BAJA CALIFORNIA,4,MEXICALI,PRI,2213,48334,52,1321,49707,156176,2213
2,BAJA CALIFORNIA,4,MEXICALI,PRD,1002,48334,52,1321,49707,156176,1002
2,BAJA CALIFORNIA,4,MEXICALI,PVEM,738,48334,52,1321,49707,156176,738
2,BAJA CALIFORNIA,4,MEXICALI,PT,906,48334,52,1321,49707,156176,906
2,BAJA CALIFORNIA,4,MEXICALI,MC,2330,48334,52,1321,49707,156176,2330
2,BAJA CALIFORNIA,4,MEXICALI,MORENA,17967,48334,52,1321,49707,156176,17967
2,BAJA CALIFORNIA,4,MEXICALI,PVEM_PT_TRANS_MORENA,129,48334,52,1321,49707,156176,20625
2,BAJA CALIFORNIA,4,MEXICALI,PVEM_PT_TRANS,12,48334,52,1321,49707,156176,2541
2,BAJA CALIFORNIA,4,MEXICALI,PVEM_PT_MORENA,32,48334,52,1321,49707,156176,19643
2,BAJA CALIFORNIA,4,MEXICALI,PVEM_TRANS_MORENA,25,48334,52,1321,49707,156176,19615
2,BAJA CALIFORNIA,4,MEXICALI,PT_TRANS_MORENA,59,48334,52,1321,49707,156176,19817
2,BAJA CALIFORNIA,4,MEXICALI,PVEM_PT,16,48334,52,1321,49707,156176,1660
2,BAJA CALIFORNIA,4,MEXICALI,PVEM_TRANS,4,48334,52,1321,49707,156176,1627
2,BAJA CALIFORNIA,4,MEXICALI,PVEM_MORENA,52,48334,52,1321,49707,156176,18757
2,BAJA CALIFORNIA,4,MEXICALI,PT_TRANS,9,48334,52,1321,49707,156176,1800
2,BAJA CALIFORNIA,4,MEXICALI,PT_MORENA,60,48334,52,1321,49707,156176,18933
2,BAJA CALIFORNIA,4,MEXICALI,TRANS_MORENA,129,48334,52,1321,49707,156176,18981
2,BAJA CALIFORNIA,4,MEXICALI,PBC,1987,48334,52,1321,49707,156176,1987
2,BAJA CALIFORNIA,4,MEXICALI,TRANS,885,48334,52,1321,49707,156176,885
2,BAJA CALIFORNIA,4,MEXICALI,CAND_IND1,8997,48334,52,1321,49707,156176,8997
2,BAJA CALIFORNIA,4,MEXICALI,CAND_IND2,NA,48334,52,1321,49707,156176,0
2,BAJA CALIFORNIA,5,MEXICALI,PAN,9281,40576,77,1373,42026,148804,9281
2,BAJA CALIFORNIA,5,MEXICALI,PRI,2220,40576,77,1373,42026,148804,2220
2,BAJA CALIFORNIA,5,MEXICALI,PRD,1019,40576,77,1373,42026,148804,1019
2,BAJA CALIFORNIA,5,MEXICALI,PVEM,708,40576,77,1373,42026,148804,708
2,BAJA CALIFORNIA,5,MEXICALI,PT,1003,40576,77,1373,42026,148804,1003
2,BAJA CALIFORNIA,5,MEXICALI,MC,4481,40576,77,1373,42026,148804,4481
2,BAJA CALIFORNIA,5,MEXICALI,MORENA,17796,40576,77,1373,42026,148804,17796
2,BAJA CALIFORNIA,5,MEXICALI,PVEM_PT_TRANS_MORENA,84,40576,77,1373,42026,148804,20737
2,BAJA CALIFORNIA,5,MEXICALI,PVEM_PT_TRANS,25,40576,77,1373,42026,148804,2882
2,BAJA CALIFORNIA,5,MEXICALI,PVEM_PT_MORENA,23,40576,77,1373,42026,148804,19530
2,BAJA CALIFORNIA,5,MEXICALI,PVEM_TRANS_MORENA,20,40576,77,1373,42026,148804,19670
2,BAJA CALIFORNIA,5,MEXICALI,PT_TRANS_MORENA,63,40576,77,1373,42026,148804,20008
2,BAJA CALIFORNIA,5,MEXICALI,PVEM_PT,11,40576,77,1373,42026,148804,1722
2,BAJA CALIFORNIA,5,MEXICALI,PVEM_TRANS,10,40576,77,1373,42026,148804,1864
2,BAJA CALIFORNIA,5,MEXICALI,PVEM_MORENA,28,40576,77,1373,42026,148804,18532
2,BAJA CALIFORNIA,5,MEXICALI,PT_TRANS,17,40576,77,1373,42026,148804,2166
2,BAJA CALIFORNIA,5,MEXICALI,PT_MORENA,49,40576,77,1373,42026,148804,18848
2,BAJA CALIFORNIA,5,MEXICALI,TRANS_MORENA,150,40576,77,1373,42026,148804,19092
2,BAJA CALIFORNIA,5,MEXICALI,PBC,2442,40576,77,1373,42026,148804,2442
2,BAJA CALIFORNIA,5,MEXICALI,TRANS,1146,40576,77,1373,42026,148804,1146
2,BAJA CALIFORNIA,5,MEXICALI,CAND_IND1,NA,40576,77,1373,42026,148804,0
2,BAJA CALIFORNIA,5,MEXICALI,CAND_IND2,NA,40576,77,1373,42026,148804,0
2,BAJA CALIFORNIA,6,TECATE,PAN,9176,43835,59,1463,45357,158009,9176
2,BAJA CALIFORNIA,6,TECATE,PRI,4823,43835,59,1463,45357,158009,4823
2,BAJA CALIFORNIA,6,TECATE,PRD,2871,43835,59,1463,45357,158009,2871
2,BAJA CALIFORNIA,6,TECATE,PVEM,2107,43835,59,1463,45357,158009,2107
2,BAJA CALIFORNIA,6,TECATE,PT,1211,43835,59,1463,45357,158009,1211
2,BAJA CALIFORNIA,6,TECATE,MC,2576,43835,59,1463,45357,158009,2576
2,BAJA CALIFORNIA,6,TECATE,MORENA,17599,43835,59,1463,45357,158009,17599
2,BAJA CALIFORNIA,6,TECATE,PVEM_PT_TRANS_MORENA,104,43835,59,1463,45357,158009,22219
2,BAJA CALIFORNIA,6,TECATE,PVEM_PT_TRANS,36,43835,59,1463,45357,158009,4552
2,BAJA CALIFORNIA,6,TECATE,PVEM_PT_MORENA,42,43835,59,1463,45357,158009,20959
2,BAJA CALIFORNIA,6,TECATE,PVEM_TRANS_MORENA,25,43835,59,1463,45357,158009,20929
2,BAJA CALIFORNIA,6,TECATE,PT_TRANS_MORENA,42,43835,59,1463,45357,158009,20050
2,BAJA CALIFORNIA,6,TECATE,PVEM_PT,26,43835,59,1463,45357,158009,3344
2,BAJA CALIFORNIA,6,TECATE,PVEM_TRANS,11,43835,59,1463,45357,158009,3316
2,BAJA CALIFORNIA,6,TECATE,PVEM_MORENA,117,43835,59,1463,45357,158009,19823
2,BAJA CALIFORNIA,6,TECATE,PT_TRANS,14,43835,59,1463,45357,158009,2423
2,BAJA CALIFORNIA,6,TECATE,PT_MORENA,64,43835,59,1463,45357,158009,18874
2,BAJA CALIFORNIA,6,TECATE,TRANS_MORENA,114,43835,59,1463,45357,158009,18911
2,BAJA CALIFORNIA,6,TECATE,PBC,1679,43835,59,1463,45357,158009,1679
2,BAJA CALIFORNIA,6,TECATE,TRANS,1198,43835,59,1463,45357,158009,1198
2,BAJA CALIFORNIA,6,TECATE,CAND_IND1,NA,43835,59,1463,45357,158009,0
2,BAJA CALIFORNIA,6,TECATE,CAND_IND2,NA,43835,59,1463,45357,158009,0
2,BAJA CALIFORNIA,7,TIJUANA,PAN,6422,43112,42,1199,44353,167320,6422
2,BAJA CALIFORNIA,7,TIJUANA,PRI,1382,43112,42,1199,44353,167320,1382
2,BAJA CALIFORNIA,7,TIJUANA,PRD,5826,43112,42,1199,44353,167320,5826
2,BAJA CALIFORNIA,7,TIJUANA,PVEM,865,43112,42,1199,44353,167320,865
2,BAJA CALIFORNIA,7,TIJUANA,PT,2794,43112,42,1199,44353,167320,2794
2,BAJA CALIFORNIA,7,TIJUANA,MC,2555,43112,42,1199,44353,167320,2555
2,BAJA CALIFORNIA,7,TIJUANA,MORENA,20304,43112,42,1199,44353,167320,20304
2,BAJA CALIFORNIA,7,TIJUANA,PVEM_PT_TRANS_MORENA,104,43112,42,1199,44353,167320,24938
2,BAJA CALIFORNIA,7,TIJUANA,PVEM_PT_TRANS,17,43112,42,1199,44353,167320,4547
2,BAJA CALIFORNIA,7,TIJUANA,PVEM_PT_MORENA,24,43112,42,1199,44353,167320,23987
2,BAJA CALIFORNIA,7,TIJUANA,PVEM_TRANS_MORENA,14,43112,42,1199,44353,167320,22054
2,BAJA CALIFORNIA,7,TIJUANA,PT_TRANS_MORENA,78,43112,42,1199,44353,167320,24047
2,BAJA CALIFORNIA,7,TIJUANA,PVEM_PT,12,43112,42,1199,44353,167320,3671
2,BAJA CALIFORNIA,7,TIJUANA,PVEM_TRANS,9,43112,42,1199,44353,167320,1745
2,BAJA CALIFORNIA,7,TIJUANA,PVEM_MORENA,21,43112,42,1199,44353,167320,21190
2,BAJA CALIFORNIA,7,TIJUANA,PT_TRANS,15,43112,42,1199,44353,167320,3680
2,BAJA CALIFORNIA,7,TIJUANA,PT_MORENA,131,43112,42,1199,44353,167320,23229
2,BAJA CALIFORNIA,7,TIJUANA,TRANS_MORENA,73,43112,42,1199,44353,167320,21248
2,BAJA CALIFORNIA,7,TIJUANA,PBC,1595,43112,42,1199,44353,167320,1595
2,BAJA CALIFORNIA,7,TIJUANA,TRANS,871,43112,42,1199,44353,167320,871
2,BAJA CALIFORNIA,7,TIJUANA,CAND_IND1,NA,43112,42,1199,44353,167320,0
2,BAJA CALIFORNIA,7,TIJUANA,CAND_IND2,NA,43112,42,1199,44353,167320,0
2,BAJA CALIFORNIA,8,TIJUANA,PAN,11312,48955,43,1313,50311,173978,11312
2,BAJA CALIFORNIA,8,TIJUANA,PRI,2033,48955,43,1313,50311,173978,2033
2,BAJA CALIFORNIA,8,TIJUANA,PRD,6905,48955,43,1313,50311,173978,6905
2,BAJA CALIFORNIA,8,TIJUANA,PVEM,970,48955,43,1313,50311,173978,970
2,BAJA CALIFORNIA,8,TIJUANA,PT,1299,48955,43,1313,50311,173978,1299
2,BAJA CALIFORNIA,8,TIJUANA,MC,2483,48955,43,1313,50311,173978,2483
2,BAJA CALIFORNIA,8,TIJUANA,MORENA,20866,48955,43,1313,50311,173978,20866
2,BAJA CALIFORNIA,8,TIJUANA,PVEM_PT_TRANS_MORENA,75,48955,43,1313,50311,173978,24065
2,BAJA CALIFORNIA,8,TIJUANA,PVEM_PT_TRANS,20,48955,43,1313,50311,173978,3144
2,BAJA CALIFORNIA,8,TIJUANA,PVEM_PT_MORENA,29,48955,43,1313,50311,173978,23164
2,BAJA CALIFORNIA,8,TIJUANA,PVEM_TRANS_MORENA,15,48955,43,1313,50311,173978,22706
2,BAJA CALIFORNIA,8,TIJUANA,PT_TRANS_MORENA,45,48955,43,1313,50311,173978,23065
2,BAJA CALIFORNIA,8,TIJUANA,PVEM_PT,20,48955,43,1313,50311,173978,2289
2,BAJA CALIFORNIA,8,TIJUANA,PVEM_TRANS,4,48955,43,1313,50311,173978,1829
2,BAJA CALIFORNIA,8,TIJUANA,PVEM_MORENA,28,48955,43,1313,50311,173978,21864
2,BAJA CALIFORNIA,8,TIJUANA,PT_TRANS,13,48955,43,1313,50311,173978,2167
2,BAJA CALIFORNIA,8,TIJUANA,PT_MORENA,69,48955,43,1313,50311,173978,22234
2,BAJA CALIFORNIA,8,TIJUANA,TRANS_MORENA,91,48955,43,1313,50311,173978,21812
2,BAJA CALIFORNIA,8,TIJUANA,PBC,1823,48955,43,1313,50311,173978,1823
2,BAJA CALIFORNIA,8,TIJUANA,TRANS,855,48955,43,1313,50311,173978,855
2,BAJA CALIFORNIA,8,TIJUANA,CAND_IND1,NA,48955,43,1313,50311,173978,0
2,BAJA CALIFORNIA,8,TIJUANA,CAND_IND2,NA,48955,43,1313,50311,173978,0
2,BAJA CALIFORNIA,9,TIJUANA,PAN,13351,54033,61,1538,55632,165213,13351
2,BAJA CALIFORNIA,9,TIJUANA,PRI,2848,54033,61,1538,55632,165213,2848
2,BAJA CALIFORNIA,9,TIJUANA,PRD,6588,54033,61,1538,55632,165213,6588
2,BAJA CALIFORNIA,9,TIJUANA,PVEM,1244,54033,61,1538,55632,165213,1244
2,BAJA CALIFORNIA,9,TIJUANA,PT,947,54033,61,1538,55632,165213,947
2,BAJA CALIFORNIA,9,TIJUANA,MC,3481,54033,61,1538,55632,165213,3481
2,BAJA CALIFORNIA,9,TIJUANA,MORENA,18848,54033,61,1538,55632,165213,18848
2,BAJA CALIFORNIA,9,TIJUANA,PVEM_PT_TRANS_MORENA,142,54033,61,1538,55632,165213,22298
2,BAJA CALIFORNIA,9,TIJUANA,PVEM_PT_TRANS,17,54033,61,1538,55632,165213,3325
2,BAJA CALIFORNIA,9,TIJUANA,PVEM_PT_MORENA,26,54033,61,1538,55632,165213,21065
2,BAJA CALIFORNIA,9,TIJUANA,PVEM_TRANS_MORENA,19,54033,61,1538,55632,165213,21228
2,BAJA CALIFORNIA,9,TIJUANA,PT_TRANS_MORENA,51,54033,61,1538,55632,165213,20963
2,BAJA CALIFORNIA,9,TIJUANA,PVEM_PT,5,54033,61,1538,55632,165213,2196
2,BAJA CALIFORNIA,9,TIJUANA,PVEM_TRANS,7,54033,61,1538,55632,165213,2368
2,BAJA CALIFORNIA,9,TIJUANA,PVEM_MORENA,21,54033,61,1538,55632,165213,20113
2,BAJA CALIFORNIA,9,TIJUANA,PT_TRANS,8,54033,61,1538,55632,165213,2072
2,BAJA CALIFORNIA,9,TIJUANA,PT_MORENA,51,54033,61,1538,55632,165213,19846
2,BAJA CALIFORNIA,9,TIJUANA,TRANS_MORENA,109,54033,61,1538,55632,165213,20074
2,BAJA CALIFORNIA,9,TIJUANA,PBC,5153,54033,61,1538,55632,165213,5153
2,BAJA CALIFORNIA,9,TIJUANA,TRANS,1117,54033,61,1538,55632,165213,1117
2,BAJA CALIFORNIA,9,TIJUANA,CAND_IND1,NA,54033,61,1538,55632,165213,0
2,BAJA CALIFORNIA,9,TIJUANA,CAND_IND2,NA,54033,61,1538,55632,165213,0
23,QUINTANA ROO,1,KANTUNILKIN,PAN,4605,25479,31,1400,26910,87001,4605
23,QUINTANA ROO,1,KANTUNILKIN,PRI,4321,25479,31,1400,26910,87001,4321
23,QUINTANA ROO,1,KANTUNILKIN,PRD,2719,25479,31,1400,26910,87001,2719
23,QUINTANA ROO,1,KANTUNILKIN,PVEM,3429,25479,31,1400,26910,87001,3429
23,QUINTANA ROO,1,KANTUNILKIN,PT,1489,25479,31,1400,26910,87001,1489
23,QUINTANA ROO,1,KANTUNILKIN,MC,2117,25479,31,1400,26910,87001,2117
23,QUINTANA ROO,1,KANTUNILKIN,MORENA,4417,25479,31,1400,26910,87001,4417
23,QUINTANA ROO,1,KANTUNILKIN,MAS,255,25479,31,1400,26910,87001,255
23,QUINTANA ROO,1,KANTUNILKIN,CQROO,1452,25479,31,1400,26910,87001,1452
23,QUINTANA ROO,1,KANTUNILKIN,ESQROO,341,25479,31,1400,26910,87001,341
23,QUINTANA ROO,1,KANTUNILKIN,PAN_PRD_ESQROO,138,25479,31,1400,26910,87001,7803
23,QUINTANA ROO,1,KANTUNILKIN,PAN_PRD,159,25479,31,1400,26910,87001,7483
23,QUINTANA ROO,1,KANTUNILKIN,PAN_ESQROO,28,25479,31,1400,26910,87001,4974
23,QUINTANA ROO,1,KANTUNILKIN,PRD_ESQROO,9,25479,31,1400,26910,87001,3069
23,QUINTANA ROO,1,KANTUNILKIN,PVEM_PT_MORENA,0,25479,31,1400,26910,87001,9335
23,QUINTANA ROO,1,KANTUNILKIN,PVEM_PT,0,25479,31,1400,26910,87001,4918
23,QUINTANA ROO,1,KANTUNILKIN,PVEM_MORENA,0,25479,31,1400,26910,87001,7846
23,QUINTANA ROO,1,KANTUNILKIN,PT_MORENA,0,25479,31,1400,26910,87001,5906
23,QUINTANA ROO,1,KANTUNILKIN,CAND_IND1,0,25479,31,1400,26910,87001,0
23,QUINTANA ROO,1,KANTUNILKIN,CAND_IND2,0,25479,31,1400,26910,87001,0
23,QUINTANA ROO,1,KANTUNILKIN,CAND_IND3,0,25479,31,1400,26910,87001,0
23,QUINTANA ROO,10,PLAYA DEL CARMEN,PAN,5587,18157,37,1045,19239,88926,5587
23,QUINTANA ROO,10,PLAYA DEL CARMEN,PRI,1762,18157,37,1045,19239,88926,1762
23,QUINTANA ROO,10,PLAYA DEL CARMEN,PRD,367,18157,37,1045,19239,88926,367
23,QUINTANA ROO,10,PLAYA DEL CARMEN,PVEM,261,18157,37,1045,19239,88926,261
23,QUINTANA ROO,10,PLAYA DEL CARMEN,PT,437,18157,37,1045,19239,88926,437
23,QUINTANA ROO,10,PLAYA DEL CARMEN,MC,2388,18157,37,1045,19239,88926,2388
23,QUINTANA ROO,10,PLAYA DEL CARMEN,MORENA,3946,18157,37,1045,19239,88926,3946
23,QUINTANA ROO,10,PLAYA DEL CARMEN,MAS,1603,18157,37,1045,19239,88926,1603
23,QUINTANA ROO,10,PLAYA DEL CARMEN,CQROO,601,18157,37,1045,19239,88926,601
23,QUINTANA ROO,10,PLAYA DEL CARMEN,ESQROO,539,18157,37,1045,19239,88926,539
23,QUINTANA ROO,10,PLAYA DEL CARMEN,PAN_PRD_ESQROO,204,18157,37,1045,19239,88926,6697
23,QUINTANA ROO,10,PLAYA DEL CARMEN,PAN_PRD,149,18157,37,1045,19239,88926,6103
23,QUINTANA ROO,10,PLAYA DEL CARMEN,PAN_ESQROO,101,18157,37,1045,19239,88926,6227
23,QUINTANA ROO,10,PLAYA DEL CARMEN,PRD_ESQROO,9,18157,37,1045,19239,88926,915
23,QUINTANA ROO,10,PLAYA DEL CARMEN,PVEM_PT_MORENA,84,18157,37,1045,19239,88926,4728
23,QUINTANA ROO,10,PLAYA DEL CARMEN,PVEM_PT,14,18157,37,1045,19239,88926,712
23,QUINTANA ROO,10,PLAYA DEL CARMEN,PVEM_MORENA,23,18157,37,1045,19239,88926,4230
23,QUINTANA ROO,10,PLAYA DEL CARMEN,PT_MORENA,82,18157,37,1045,19239,88926,4465
23,QUINTANA ROO,10,PLAYA DEL CARMEN,CAND_IND1,0,18157,37,1045,19239,88926,0
23,QUINTANA ROO,10,PLAYA DEL CARMEN,CAND_IND2,0,18157,37,1045,19239,88926,0
23,QUINTANA ROO,10,PLAYA DEL CARMEN,CAND_IND3,0,18157,37,1045,19239,88926,0
23,QUINTANA ROO,11,COZUMEL,PAN,4257,16813,134,804,17751,68497,4257
23,QUINTANA ROO,11,COZUMEL,PRI,5721,16813,134,804,17751,68497,5721
23,QUINTANA ROO,11,COZUMEL,PRD,201,16813,134,804,17751,68497,201
23,QUINTANA ROO,11,COZUMEL,PVEM,291,16813,134,804,17751,68497,291
23,QUINTANA ROO,11,COZUMEL,PT,185,16813,134,804,17751,68497,185
23,QUINTANA ROO,11,COZUMEL,MC,294,16813,134,804,17751,68497,294
23,QUINTANA ROO,11,COZUMEL,MORENA,4489,16813,134,804,17751,68497,4489
23,QUINTANA ROO,11,COZUMEL,MAS,239,16813,134,804,17751,68497,239
23,QUINTANA ROO,11,COZUMEL,CQROO,219,16813,134,804,17751,68497,219
23,QUINTANA ROO,11,COZUMEL,ESQROO,77,16813,134,804,17751,68497,77
23,QUINTANA ROO,11,COZUMEL,PAN_PRD_ESQROO,28,16813,134,804,17751,68497,4563
23,QUINTANA ROO,11,COZUMEL,PAN_PRD,56,16813,134,804,17751,68497,4514
23,QUINTANA ROO,11,COZUMEL,PAN_ESQROO,10,16813,134,804,17751,68497,4344
23,QUINTANA ROO,11,COZUMEL,PRD_ESQROO,2,16813,134,804,17751,68497,280
23,QUINTANA ROO,11,COZUMEL,PVEM_PT_MORENA,40,16813,134,804,17751,68497,5005
23,QUINTANA ROO,11,COZUMEL,PVEM_PT,14,16813,134,804,17751,68497,490
23,QUINTANA ROO,11,COZUMEL,PVEM_MORENA,71,16813,134,804,17751,68497,4851
23,QUINTANA ROO,11,COZUMEL,PT_MORENA,34,16813,134,804,17751,68497,4708
23,QUINTANA ROO,11,COZUMEL,CAND_IND1,585,16813,134,804,17751,68497,585
23,QUINTANA ROO,11,COZUMEL,CAND_IND2,0,16813,134,804,17751,68497,0
23,QUINTANA ROO,11,COZUMEL,CAND_IND3,0,16813,134,804,17751,68497,0
23,QUINTANA ROO,12,FELIPE C. PUERTO,PAN,4884,23475,4,1080,24559,63654,4884
23,QUINTANA ROO,12,FELIPE C. PUERTO,PRI,2323,23475,4,1080,24559,63654,2323
23,QUINTANA ROO,12,FELIPE C. PUERTO,PRD,4670,23475,4,1080,24559,63654,4670
23,QUINTANA ROO,12,FELIPE C. PUERTO,PVEM,619,23475,4,1080,24559,63654,619
23,QUINTANA ROO,12,FELIPE C. PUERTO,PT,542,23475,4,1080,24559,63654,542
23,QUINTANA ROO,12,FELIPE C. PUERTO,MC,1723,23475,4,1080,24559,63654,1723
23,QUINTANA ROO,12,FELIPE C. PUERTO,MORENA,6161,23475,4,1080,24559,63654,6161
23,QUINTANA ROO,12,FELIPE C. PUERTO,MAS,288,23475,4,1080,24559,63654,288
23,QUINTANA ROO,12,FELIPE C. PUERTO,CQROO,574,23475,4,1080,24559,63654,574
23,QUINTANA ROO,12,FELIPE C. PUERTO,ESQROO,430,23475,4,1080,24559,63654,430
23,QUINTANA ROO,12,FELIPE C. PUERTO,PAN_PRD_ESQROO,267,23475,4,1080,24559,63654,10251
23,QUINTANA ROO,12,FELIPE C. PUERTO,PAN_PRD,736,23475,4,1080,24559,63654,10290
23,QUINTANA ROO,12,FELIPE C. PUERTO,PAN_ESQROO,26,23475,4,1080,24559,63654,5340
23,QUINTANA ROO,12,FELIPE C. PUERTO,PRD_ESQROO,32,23475,4,1080,24559,63654,5132
23,QUINTANA ROO,12,FELIPE C. PUERTO,PVEM_PT_MORENA,78,23475,4,1080,24559,63654,7400
23,QUINTANA ROO,12,FELIPE C. PUERTO,PVEM_PT,19,23475,4,1080,24559,63654,1180
23,QUINTANA ROO,12,FELIPE C. PUERTO,PVEM_MORENA,46,23475,4,1080,24559,63654,6826
23,QUINTANA ROO,12,FELIPE C. PUERTO,PT_MORENA,57,23475,4,1080,24559,63654,6760
23,QUINTANA ROO,12,FELIPE C. PUERTO,CAND_IND1,0,23475,4,1080,24559,63654,0
23,QUINTANA ROO,12,FELIPE C. PUERTO,CAND_IND2,0,23475,4,1080,24559,63654,0
23,QUINTANA ROO,12,FELIPE C. PUERTO,CAND_IND3,0,23475,4,1080,24559,63654,0
23,QUINTANA ROO,13,BACALAR,PAN,3029,21236,20,1030,22286,70324,3029
23,QUINTANA ROO,13,BACALAR,PRI,3736,21236,20,1030,22286,70324,3736
23,QUINTANA ROO,13,BACALAR,PRD,2364,21236,20,1030,22286,70324,2364
23,QUINTANA ROO,13,BACALAR,PVEM,533,21236,20,1030,22286,70324,533
23,QUINTANA ROO,13,BACALAR,PT,2088,21236,20,1030,22286,70324,2088
23,QUINTANA ROO,13,BACALAR,MC,634,21236,20,1030,22286,70324,634
23,QUINTANA ROO,13,BACALAR,MORENA,6067,21236,20,1030,22286,70324,6067
23,QUINTANA ROO,13,BACALAR,MAS,302,21236,20,1030,22286,70324,302
23,QUINTANA ROO,13,BACALAR,CQROO,1368,21236,20,1030,22286,70324,1368
23,QUINTANA ROO,13,BACALAR,ESQROO,283,21236,20,1030,22286,70324,283
23,QUINTANA ROO,13,BACALAR,PAN_PRD_ESQROO,186,21236,20,1030,22286,70324,5862
23,QUINTANA ROO,13,BACALAR,PAN_PRD,302,21236,20,1030,22286,70324,5695
23,QUINTANA ROO,13,BACALAR,PAN_ESQROO,17,21236,20,1030,22286,70324,3329
23,QUINTANA ROO,13,BACALAR,PRD_ESQROO,8,21236,20,1030,22286,70324,2655
23,QUINTANA ROO,13,BACALAR,PVEM_PT_MORENA,85,21236,20,1030,22286,70324,8773
23,QUINTANA ROO,13,BACALAR,PVEM_PT,38,21236,20,1030,22286,70324,2659
23,QUINTANA ROO,13,BACALAR,PVEM_MORENA,59,21236,20,1030,22286,70324,6659
23,QUINTANA ROO,13,BACALAR,PT_MORENA,137,21236,20,1030,22286,70324,8292
23,QUINTANA ROO,13,BACALAR,CAND_IND1,0,21236,20,1030,22286,70324,0
23,QUINTANA ROO,13,BACALAR,CAND_IND2,0,21236,20,1030,22286,70324,0
23,QUINTANA ROO,13,BACALAR,CAND_IND3,0,21236,20,1030,22286,70324,0
23,QUINTANA ROO,14,CHETUMAL,PAN,4074,19434,85,1215,20734,69352,4074
23,QUINTANA ROO,14,CHETUMAL,PRI,2575,19434,85,1215,20734,69352,2575
23,QUINTANA ROO,14,CHETUMAL,PRD,286,19434,85,1215,20734,69352,286
23,QUINTANA ROO,14,CHETUMAL,PVEM,394,19434,85,1215,20734,69352,394
23,QUINTANA ROO,14,CHETUMAL,PT,440,19434,85,1215,20734,69352,440
23,QUINTANA ROO,14,CHETUMAL,MC,1107,19434,85,1215,20734,69352,1107
23,QUINTANA ROO,14,CHETUMAL,MORENA,6976,19434,85,1215,20734,69352,6976
23,QUINTANA ROO,14,CHETUMAL,MAS,799,19434,85,1215,20734,69352,799
23,QUINTANA ROO,14,CHETUMAL,CQROO,528,19434,85,1215,20734,69352,528
23,QUINTANA ROO,14,CHETUMAL,ESQROO,312,19434,85,1215,20734,69352,312
23,QUINTANA ROO,14,CHETUMAL,PAN_PRD_ESQROO,66,19434,85,1215,20734,69352,4738
23,QUINTANA ROO,14,CHETUMAL,PAN_PRD,81,19434,85,1215,20734,69352,4441
23,QUINTANA ROO,14,CHETUMAL,PAN_ESQROO,35,19434,85,1215,20734,69352,4421
23,QUINTANA ROO,14,CHETUMAL,PRD_ESQROO,4,19434,85,1215,20734,69352,602
23,QUINTANA ROO,14,CHETUMAL,PVEM_PT_MORENA,40,19434,85,1215,20734,69352,7850
23,QUINTANA ROO,14,CHETUMAL,PVEM_PT,8,19434,85,1215,20734,69352,842
23,QUINTANA ROO,14,CHETUMAL,PVEM_MORENA,28,19434,85,1215,20734,69352,7398
23,QUINTANA ROO,14,CHETUMAL,PT_MORENA,66,19434,85,1215,20734,69352,7482
23,QUINTANA ROO,14,CHETUMAL,CAND_IND1,0,19434,85,1215,20734,69352,0
23,QUINTANA ROO,14,CHETUMAL,CAND_IND2,1615,19434,85,1215,20734,69352,1615
23,QUINTANA ROO,14,CHETUMAL,CAND_IND3,0,19434,85,1215,20734,69352,0
23,QUINTANA ROO,15,CHETUMAL,PAN,2935,18977,86,1233,20296,74825,2935
23,QUINTANA ROO,15,CHETUMAL,PRI,3139,18977,86,1233,20296,74825,3139
23,QUINTANA ROO,15,CHETUMAL,PRD,372,18977,86,1233,20296,74825,372
23,QUINTANA ROO,15,CHETUMAL,PVEM,297,18977,86,1233,20296,74825,297
23,QUINTANA ROO,15,CHETUMAL,PT,523,18977,86,1233,20296,74825,523
23,QUINTANA ROO,15,CHETUMAL,MC,929,18977,86,1233,20296,74825,929
23,QUINTANA ROO,15,CHETUMAL,MORENA,5730,18977,86,1233,20296,74825,5730
23,QUINTANA ROO,15,CHETUMAL,MAS,1326,18977,86,1233,20296,74825,1326
23,QUINTANA ROO,15,CHETUMAL,CQROO,1059,18977,86,1233,20296,74825,1059
23,QUINTANA ROO,15,CHETUMAL,ESQROO,456,18977,86,1233,20296,74825,456
23,QUINTANA ROO,15,CHETUMAL,PAN_PRD_ESQROO,93,18977,86,1233,20296,74825,3856
23,QUINTANA ROO,15,CHETUMAL,PAN_PRD,70,18977,86,1233,20296,74825,3377
23,QUINTANA ROO,15,CHETUMAL,PAN_ESQROO,23,18977,86,1233,20296,74825,3414
23,QUINTANA ROO,15,CHETUMAL,PRD_ESQROO,6,18977,86,1233,20296,74825,834
23,QUINTANA ROO,15,CHETUMAL,PVEM_PT_MORENA,66,18977,86,1233,20296,74825,6616
23,QUINTANA ROO,15,CHETUMAL,PVEM_PT,15,18977,86,1233,20296,74825,835
23,QUINTANA ROO,15,CHETUMAL,PVEM_MORENA,23,18977,86,1233,20296,74825,6050
23,QUINTANA ROO,15,CHETUMAL,PT_MORENA,95,18977,86,1233,20296,74825,6348
23,QUINTANA ROO,15,CHETUMAL,CAND_IND1,0,18977,86,1233,20296,74825,0
23,QUINTANA ROO,15,CHETUMAL,CAND_IND2,0,18977,86,1233,20296,74825,0
23,QUINTANA ROO,15,CHETUMAL,CAND_IND3,1820,18977,86,1233,20296,74825,1820
23,QUINTANA ROO,2,CANCÚN,PAN,822,12252,45,816,13113,112366,822
23,QUINTANA ROO,2,CANCÚN,PRI,903,12252,45,816,13113,112366,903
23,QUINTANA ROO,2,CANCÚN,PRD,393,12252,45,816,13113,112366,393
23,QUINTANA ROO,2,CANCÚN,PVEM,1867,12252,45,816,13113,112366,1867
23,QUINTANA ROO,2,CANCÚN,PT,785,12252,45,816,13113,112366,785
23,QUINTANA ROO,2,CANCÚN,MC,875,12252,45,816,13113,112366,875
23,QUINTANA ROO,2,CANCÚN,MORENA,4506,12252,45,816,13113,112366,4506
23,QUINTANA ROO,2,CANCÚN,MAS,766,12252,45,816,13113,112366,766
23,QUINTANA ROO,2,CANCÚN,CQROO,667,12252,45,816,13113,112366,667
23,QUINTANA ROO,2,CANCÚN,ESQROO,388,12252,45,816,13113,112366,388
23,QUINTANA ROO,2,CANCÚN,PAN_PRD_ESQROO,18,12252,45,816,13113,112366,1621
23,QUINTANA ROO,2,CANCÚN,PAN_PRD,14,12252,45,816,13113,112366,1229
23,QUINTANA ROO,2,CANCÚN,PAN_ESQROO,8,12252,45,816,13113,112366,1218
23,QUINTANA ROO,2,CANCÚN,PRD_ESQROO,8,12252,45,816,13113,112366,789
23,QUINTANA ROO,2,CANCÚN,PVEM_PT_MORENA,57,12252,45,816,13113,112366,7215
23,QUINTANA ROO,2,CANCÚN,PVEM_PT,15,12252,45,816,13113,112366,2667
23,QUINTANA ROO,2,CANCÚN,PVEM_MORENA,33,12252,45,816,13113,112366,6406
23,QUINTANA ROO,2,CANCÚN,PT_MORENA,127,12252,45,816,13113,112366,5418
23,QUINTANA ROO,2,CANCÚN,CAND_IND1,0,12252,45,816,13113,112366,0
23,QUINTANA ROO,2,CANCÚN,CAND_IND2,0,12252,45,816,13113,112366,0
23,QUINTANA ROO,2,CANCÚN,CAND_IND3,0,12252,45,816,13113,112366,0
23,QUINTANA ROO,3,CANCÚN,PAN,834,11828,16,606,12450,73810,834
23,QUINTANA ROO,3,CANCÚN,PRI,564,11828,16,606,12450,73810,564
23,QUINTANA ROO,3,CANCÚN,PRD,554,11828,16,606,12450,73810,554
23,QUINTANA ROO,3,CANCÚN,PVEM,1368,11828,16,606,12450,73810,1368
23,QUINTANA ROO,3,CANCÚN,PT,236,11828,16,606,12450,73810,236
23,QUINTANA ROO,3,CANCÚN,MC,297,11828,16,606,12450,73810,297
23,QUINTANA ROO,3,CANCÚN,MORENA,4050,11828,16,606,12450,73810,4050
23,QUINTANA ROO,3,CANCÚN,MAS,588,11828,16,606,12450,73810,588
23,QUINTANA ROO,3,CANCÚN,CQROO,225,11828,16,606,12450,73810,225
23,QUINTANA ROO,3,CANCÚN,ESQROO,2786,11828,16,606,12450,73810,2786
23,QUINTANA ROO,3,CANCÚN,PAN_PRD_ESQROO,99,11828,16,606,12450,73810,4273
23,QUINTANA ROO,3,CANCÚN,PAN_PRD,44,11828,16,606,12450,73810,1432
23,QUINTANA ROO,3,CANCÚN,PAN_ESQROO,34,11828,16,606,12450,73810,3654
23,QUINTANA ROO,3,CANCÚN,PRD_ESQROO,26,11828,16,606,12450,73810,3366
23,QUINTANA ROO,3,CANCÚN,PVEM_PT_MORENA,38,11828,16,606,12450,73810,5692
23,QUINTANA ROO,3,CANCÚN,PVEM_PT,11,11828,16,606,12450,73810,1615
23,QUINTANA ROO,3,CANCÚN,PVEM_MORENA,34,11828,16,606,12450,73810,5452
23,QUINTANA ROO,3,CANCÚN,PT_MORENA,40,11828,16,606,12450,73810,4326
23,QUINTANA ROO,3,CANCÚN,CAND_IND1,0,11828,16,606,12450,73810,0
23,QUINTANA ROO,3,CANCÚN,CAND_IND2,0,11828,16,606,12450,73810,0
23,QUINTANA ROO,3,CANCÚN,CAND_IND3,0,11828,16,606,12450,73810,0
23,QUINTANA ROO,4,CANCÚN,PAN,1295,10772,34,842,11648,66864,1295
23,QUINTANA ROO,4,CANCÚN,PRI,884,10772,34,842,11648,66864,884
23,QUINTANA ROO,4,CANCÚN,PRD,348,10772,34,842,11648,66864,348
23,QUINTANA ROO,4,CANCÚN,PVEM,2481,10772,34,842,11648,66864,2481
23,QUINTANA ROO,4,CANCÚN,PT,175,10772,34,842,11648,66864,175
23,QUINTANA ROO,4,CANCÚN,MC,391,10772,34,842,11648,66864,391
23,QUINTANA ROO,4,CANCÚN,MORENA,3057,10772,34,842,11648,66864,3057
23,QUINTANA ROO,4,CANCÚN,MAS,616,10772,34,842,11648,66864,616
23,QUINTANA ROO,4,CANCÚN,CQROO,434,10772,34,842,11648,66864,434
23,QUINTANA ROO,4,CANCÚN,ESQROO,819,10772,34,842,11648,66864,819
23,QUINTANA ROO,4,CANCÚN,PAN_PRD_ESQROO,54,10772,34,842,11648,66864,2516
23,QUINTANA ROO,4,CANCÚN,PAN_PRD,47,10772,34,842,11648,66864,1690
23,QUINTANA ROO,4,CANCÚN,PAN_ESQROO,22,10772,34,842,11648,66864,2136
23,QUINTANA ROO,4,CANCÚN,PRD_ESQROO,3,10772,34,842,11648,66864,1170
23,QUINTANA ROO,4,CANCÚN,PVEM_PT_MORENA,42,10772,34,842,11648,66864,5755
23,QUINTANA ROO,4,CANCÚN,PVEM_PT,14,10772,34,842,11648,66864,2670
23,QUINTANA ROO,4,CANCÚN,PVEM_MORENA,64,10772,34,842,11648,66864,5602
23,QUINTANA ROO,4,CANCÚN,PT_MORENA,26,10772,34,842,11648,66864,3258
23,QUINTANA ROO,4,CANCÚN,CAND_IND1,0,10772,34,842,11648,66864,0
23,QUINTANA ROO,4,CANCÚN,CAND_IND2,0,10772,34,842,11648,66864,0
23,QUINTANA ROO,4,CANCÚN,CAND_IND3,0,10772,34,842,11648,66864,0
23,QUINTANA ROO,5,CANCÚN,PAN,2862,15158,43,996,16197,79189,2862
23,QUINTANA ROO,5,CANCÚN,PRI,2418,15158,43,996,16197,79189,2418
23,QUINTANA ROO,5,CANCÚN,PRD,328,15158,43,996,16197,79189,328
23,QUINTANA ROO,5,CANCÚN,PVEM,1790,15158,43,996,16197,79189,1790
23,QUINTANA ROO,5,CANCÚN,PT,223,15158,43,996,16197,79189,223
23,QUINTANA ROO,5,CANCÚN,MC,629,15158,43,996,16197,79189,629
23,QUINTANA ROO,5,CANCÚN,MORENA,4635,15158,43,996,16197,79189,4635
23,QUINTANA ROO,5,CANCÚN,MAS,1160,15158,43,996,16197,79189,1160
23,QUINTANA ROO,5,CANCÚN,CQROO,466,15158,43,996,16197,79189,466
23,QUINTANA ROO,5,CANCÚN,ESQROO,516,15158,43,996,16197,79189,516
23,QUINTANA ROO,5,CANCÚN,PAN_PRD_ESQROO,0,15158,43,996,16197,79189,3706
23,QUINTANA ROO,5,CANCÚN,PAN_PRD,0,15158,43,996,16197,79189,3190
23,QUINTANA ROO,5,CANCÚN,PAN_ESQROO,0,15158,43,996,16197,79189,3378
23,QUINTANA ROO,5,CANCÚN,PRD_ESQROO,0,15158,43,996,16197,79189,844
23,QUINTANA ROO,5,CANCÚN,PVEM_PT_MORENA,36,15158,43,996,16197,79189,6684
23,QUINTANA ROO,5,CANCÚN,PVEM_PT,9,15158,43,996,16197,79189,2022
23,QUINTANA ROO,5,CANCÚN,PVEM_MORENA,50,15158,43,996,16197,79189,6475
23,QUINTANA ROO,5,CANCÚN,PT_MORENA,36,15158,43,996,16197,79189,4894
23,QUINTANA ROO,5,CANCÚN,CAND_IND1,0,15158,43,996,16197,79189,0
23,QUINTANA ROO,5,CANCÚN,CAND_IND2,0,15158,43,996,16197,79189,0
23,QUINTANA ROO,5,CANCÚN,CAND_IND3,0,15158,43,996,16197,79189,0
23,QUINTANA ROO,6,CANCÚN,PAN,946,11754,26,838,12618,70835,946
23,QUINTANA ROO,6,CANCÚN,PRI,778,11754,26,838,12618,70835,778
23,QUINTANA ROO,6,CANCÚN,PRD,286,11754,26,838,12618,70835,286
23,QUINTANA ROO,6,CANCÚN,PVEM,1834,11754,26,838,12618,70835,1834
23,QUINTANA ROO,6,CANCÚN,PT,261,11754,26,838,12618,70835,261
23,QUINTANA ROO,6,CANCÚN,MC,827,11754,26,838,12618,70835,827
23,QUINTANA ROO,6,CANCÚN,MORENA,4943,11754,26,838,12618,70835,4943
23,QUINTANA ROO,6,CANCÚN,MAS,420,11754,26,838,12618,70835,420
23,QUINTANA ROO,6,CANCÚN,CQROO,797,11754,26,838,12618,70835,797
23,QUINTANA ROO,6,CANCÚN,ESQROO,415,11754,26,838,12618,70835,415
23,QUINTANA ROO,6,CANCÚN,PAN_PRD_ESQROO,25,11754,26,838,12618,70835,1672
23,QUINTANA ROO,6,CANCÚN,PAN_PRD,18,11754,26,838,12618,70835,1250
23,QUINTANA ROO,6,CANCÚN,PAN_ESQROO,10,11754,26,838,12618,70835,1371
23,QUINTANA ROO,6,CANCÚN,PRD_ESQROO,6,11754,26,838,12618,70835,707
23,QUINTANA ROO,6,CANCÚN,PVEM_PT_MORENA,55,11754,26,838,12618,70835,7093
23,QUINTANA ROO,6,CANCÚN,PVEM_PT,12,11754,26,838,12618,70835,2107
23,QUINTANA ROO,6,CANCÚN,PVEM_MORENA,68,11754,26,838,12618,70835,6845
23,QUINTANA ROO,6,CANCÚN,PT_MORENA,53,11754,26,838,12618,70835,5257
23,QUINTANA ROO,6,CANCÚN,CAND_IND1,0,11754,26,838,12618,70835,0
23,QUINTANA ROO,6,CANCÚN,CAND_IND2,0,11754,26,838,12618,70835,0
23,QUINTANA ROO,6,CANCÚN,CAND_IND3,0,11754,26,838,12618,70835,0
23,QUINTANA ROO,7,CANCÚN,PAN,4071,15297,33,844,16174,87249,4071
23,QUINTANA ROO,7,CANCÚN,PRI,1097,15297,33,844,16174,87249,1097
23,QUINTANA ROO,7,CANCÚN,PRD,233,15297,33,844,16174,87249,233
23,QUINTANA ROO,7,CANCÚN,PVEM,2384,15297,33,844,16174,87249,2384
23,QUINTANA ROO,7,CANCÚN,PT,308,15297,33,844,16174,87249,308
23,QUINTANA ROO,7,CANCÚN,MC,829,15297,33,844,16174,87249,829
23,QUINTANA ROO,7,CANCÚN,MORENA,4920,15297,33,844,16174,87249,4920
23,QUINTANA ROO,7,CANCÚN,MAS,365,15297,33,844,16174,87249,365
23,QUINTANA ROO,7,CANCÚN,CQROO,478,15297,33,844,16174,87249,478
23,QUINTANA ROO,7,CANCÚN,ESQROO,279,15297,33,844,16174,87249,279
23,QUINTANA ROO,7,CANCÚN,PAN_PRD_ESQROO,51,15297,33,844,16174,87249,4634
23,QUINTANA ROO,7,CANCÚN,PAN_PRD,57,15297,33,844,16174,87249,4361
23,QUINTANA ROO,7,CANCÚN,PAN_ESQROO,24,15297,33,844,16174,87249,4374
23,QUINTANA ROO,7,CANCÚN,PRD_ESQROO,2,15297,33,844,16174,87249,514
23,QUINTANA ROO,7,CANCÚN,PVEM_PT_MORENA,49,15297,33,844,16174,87249,7661
23,QUINTANA ROO,7,CANCÚN,PVEM_PT,40,15297,33,844,16174,87249,2732
23,QUINTANA ROO,7,CANCÚN,PVEM_MORENA,38,15297,33,844,16174,87249,7342
23,QUINTANA ROO,7,CANCÚN,PT_MORENA,72,15297,33,844,16174,87249,5300
23,QUINTANA ROO,7,CANCÚN,CAND_IND1,0,15297,33,844,16174,87249,0
23,QUINTANA ROO,7,CANCÚN,CAND_IND2,0,15297,33,844,16174,87249,0
23,QUINTANA ROO,7,CANCÚN,CAND_IND3,0,15297,33,844,16174,87249,0
23,QUINTANA ROO,8,CANCÚN,PAN,4143,15065,36,829,15930,80841,4143
23,QUINTANA ROO,8,CANCÚN,PRI,1742,15065,36,829,15930,80841,1742
23,QUINTANA ROO,8,CANCÚN,PRD,216,15065,36,829,15930,80841,216
23,QUINTANA ROO,8,CANCÚN,PVEM,2067,15065,36,829,15930,80841,2067
23,QUINTANA ROO,8,CANCÚN,PT,181,15065,36,829,15930,80841,181
23,QUINTANA ROO,8,CANCÚN,MC,722,15065,36,829,15930,80841,722
23,QUINTANA ROO,8,CANCÚN,MORENA,3042,15065,36,829,15930,80841,3042
23,QUINTANA ROO,8,CANCÚN,MAS,1196,15065,36,829,15930,80841,1196
23,QUINTANA ROO,8,CANCÚN,CQROO,1249,15065,36,829,15930,80841,1249
23,QUINTANA ROO,8,CANCÚN,ESQROO,289,15065,36,829,15930,80841,289
23,QUINTANA ROO,8,CANCÚN,PAN_PRD_ESQROO,32,15065,36,829,15930,80841,4680
23,QUINTANA ROO,8,CANCÚN,PAN_PRD,34,15065,36,829,15930,80841,4393
23,QUINTANA ROO,8,CANCÚN,PAN_ESQROO,9,15065,36,829,15930,80841,4441
23,QUINTANA ROO,8,CANCÚN,PRD_ESQROO,1,15065,36,829,15930,80841,506
23,QUINTANA ROO,8,CANCÚN,PVEM_PT_MORENA,33,15065,36,829,15930,80841,5323
23,QUINTANA ROO,8,CANCÚN,PVEM_PT,8,15065,36,829,15930,80841,2256
23,QUINTANA ROO,8,CANCÚN,PVEM_MORENA,86,15065,36,829,15930,80841,5195
23,QUINTANA ROO,8,CANCÚN,PT_MORENA,15,15065,36,829,15930,80841,3238
23,QUINTANA ROO,8,CANCÚN,CAND_IND1,0,15065,36,829,15930,80841,0
23,QUINTANA ROO,8,CANCÚN,CAND_IND2,0,15065,36,829,15930,80841,0
23,QUINTANA ROO,8,CANCÚN,CAND_IND3,0,15065,36,829,15930,80841,0
23,QUINTANA ROO,9,TULUM,PAN,3683,22271,53,1197,23521,154262,3683
23,QUINTANA ROO,9,TULUM,PRI,2157,22271,53,1197,23521,154262,2157
23,QUINTANA ROO,9,TULUM,PRD,401,22271,53,1197,23521,154262,401
23,QUINTANA ROO,9,TULUM,PVEM,595,22271,53,1197,23521,154262,595
23,QUINTANA ROO,9,TULUM,PT,1632,22271,53,1197,23521,154262,1632
23,QUINTANA ROO,9,TULUM,MC,1982,22271,53,1197,23521,154262,1982
23,QUINTANA ROO,9,TULUM,MORENA,4854,22271,53,1197,23521,154262,4854
23,QUINTANA ROO,9,TULUM,MAS,4661,22271,53,1197,23521,154262,4661
23,QUINTANA ROO,9,TULUM,CQROO,1018,22271,53,1197,23521,154262,1018
23,QUINTANA ROO,9,TULUM,ESQROO,829,22271,53,1197,23521,154262,829
23,QUINTANA ROO,9,TULUM,PAN_PRD_ESQROO,165,22271,53,1197,23521,154262,5078
23,QUINTANA ROO,9,TULUM,PAN_PRD,89,22271,53,1197,23521,154262,4173
23,QUINTANA ROO,9,TULUM,PAN_ESQROO,30,22271,53,1197,23521,154262,4542
23,QUINTANA ROO,9,TULUM,PRD_ESQROO,6,22271,53,1197,23521,154262,1236
23,QUINTANA ROO,9,TULUM,PVEM_PT_MORENA,55,22271,53,1197,23521,154262,7136
23,QUINTANA ROO,9,TULUM,PVEM_PT,19,22271,53,1197,23521,154262,2246
23,QUINTANA ROO,9,TULUM,PVEM_MORENA,19,22271,53,1197,23521,154262,5468
23,QUINTANA ROO,9,TULUM,PT_MORENA,76,22271,53,1197,23521,154262,6562
23,QUINTANA ROO,9,TULUM,CAND_IND1,0,22271,53,1197,23521,154262,0
23,QUINTANA ROO,9,TULUM,CAND_IND2,0,22271,53,1197,23521,154262,0
23,QUINTANA ROO,9,TULUM,CAND_IND3,0,22271,53,1197,23521,154262,0
28,TAMAULIPAS,1,NUEVO LAREDO,PAN,13947,28428,43,1429,29900,121800,13947
28,TAMAULIPAS,1,NUEVO LAREDO,PRI,3970,28428,43,1429,29900,121800,3970
28,TAMAULIPAS,1,NUEVO LAREDO,PRD,308,28428,43,1429,29900,121800,308
28,TAMAULIPAS,1,NUEVO LAREDO,PVEM,477,28428,43,1429,29900,121800,477
28,TAMAULIPAS,1,NUEVO LAREDO,PT,299,28428,43,1429,29900,121800,299
28,TAMAULIPAS,1,NUEVO LAREDO,MC,857,28428,43,1429,29900,121800,857
28,TAMAULIPAS,1,NUEVO LAREDO,MORENA,8570,28428,43,1429,29900,121800,8570
28,TAMAULIPAS,1,NUEVO LAREDO,CAND_IND1,NA,28428,43,1429,29900,121800,0
28,TAMAULIPAS,10,MATAMOROS,PAN,9973,27488,4481,1475,33444,114444,9973
28,TAMAULIPAS,10,MATAMOROS,PRI,5205,27488,4481,1475,33444,114444,5205
28,TAMAULIPAS,10,MATAMOROS,PRD,246,27488,4481,1475,33444,114444,246
28,TAMAULIPAS,10,MATAMOROS,PVEM,429,27488,4481,1475,33444,114444,429
28,TAMAULIPAS,10,MATAMOROS,PT,411,27488,4481,1475,33444,114444,411
28,TAMAULIPAS,10,MATAMOROS,MC,1407,27488,4481,1475,33444,114444,1407
28,TAMAULIPAS,10,MATAMOROS,MORENA,9817,27488,4481,1475,33444,114444,9817
28,TAMAULIPAS,10,MATAMOROS,CAND_IND1,NA,27488,4481,1475,33444,114444,0
28,TAMAULIPAS,11,MATAMOROS,PAN,9396,24158,4441,1469,30068,109574,9396
28,TAMAULIPAS,11,MATAMOROS,PRI,2860,24158,4441,1469,30068,109574,2860
28,TAMAULIPAS,11,MATAMOROS,PRD,217,24158,4441,1469,30068,109574,217
28,TAMAULIPAS,11,MATAMOROS,PVEM,508,24158,4441,1469,30068,109574,508
28,TAMAULIPAS,11,MATAMOROS,PT,400,24158,4441,1469,30068,109574,400
28,TAMAULIPAS,11,MATAMOROS,MC,1119,24158,4441,1469,30068,109574,1119
28,TAMAULIPAS,11,MATAMOROS,MORENA,9658,24158,4441,1469,30068,109574,9658
28,TAMAULIPAS,11,MATAMOROS,CAND_IND1,NA,24158,4441,1469,30068,109574,0
28,TAMAULIPAS,12,MATAMOROS,PAN,12316,31393,3254,1567,36214,119963,12316
28,TAMAULIPAS,12,MATAMOROS,PRI,3820,31393,3254,1567,36214,119963,3820
28,TAMAULIPAS,12,MATAMOROS,PRD,257,31393,3254,1567,36214,119963,257
28,TAMAULIPAS,12,MATAMOROS,PVEM,672,31393,3254,1567,36214,119963,672
28,TAMAULIPAS,12,MATAMOROS,PT,539,31393,3254,1567,36214,119963,539
28,TAMAULIPAS,12,MATAMOROS,MC,1755,31393,3254,1567,36214,119963,1755
28,TAMAULIPAS,12,MATAMOROS,MORENA,12034,31393,3254,1567,36214,119963,12034
28,TAMAULIPAS,12,MATAMOROS,CAND_IND1,NA,31393,3254,1567,36214,119963,0
28,TAMAULIPAS,13,SAN FERNANDO,PAN,33377,55933,40,1785,57758,118194,33377
28,TAMAULIPAS,13,SAN FERNANDO,PRI,5241,55933,40,1785,57758,118194,5241
28,TAMAULIPAS,13,SAN FERNANDO,PRD,696,55933,40,1785,57758,118194,696
28,TAMAULIPAS,13,SAN FERNANDO,PVEM,492,55933,40,1785,57758,118194,492
28,TAMAULIPAS,13,SAN FERNANDO,PT,821,55933,40,1785,57758,118194,821
28,TAMAULIPAS,13,SAN FERNANDO,MC,1390,55933,40,1785,57758,118194,1390
28,TAMAULIPAS,13,SAN FERNANDO,MORENA,13916,55933,40,1785,57758,118194,13916
28,TAMAULIPAS,13,SAN FERNANDO,CAND_IND1,NA,55933,40,1785,57758,118194,0
28,TAMAULIPAS,14,VICTORIA,PAN,23577,55392,252,1821,57465,124068,23577
28,TAMAULIPAS,14,VICTORIA,PRI,9972,55392,252,1821,57465,124068,9972
28,TAMAULIPAS,14,VICTORIA,PRD,589,55392,252,1821,57465,124068,589
28,TAMAULIPAS,14,VICTORIA,PVEM,1998,55392,252,1821,57465,124068,1998
28,TAMAULIPAS,14,VICTORIA,PT,670,55392,252,1821,57465,124068,670
28,TAMAULIPAS,14,VICTORIA,MC,3620,55392,252,1821,57465,124068,3620
28,TAMAULIPAS,14,VICTORIA,MORENA,14966,55392,252,1821,57465,124068,14966
28,TAMAULIPAS,14,VICTORIA,CAND_IND1,NA,55392,252,1821,57465,124068,0
28,TAMAULIPAS,15,VICTORIA,PAN,24733,49289,102,1929,51320,124344,24733
28,TAMAULIPAS,15,VICTORIA,PRI,5532,49289,102,1929,51320,124344,5532
28,TAMAULIPAS,15,VICTORIA,PRD,644,49289,102,1929,51320,124344,644
28,TAMAULIPAS,15,VICTORIA,PVEM,970,49289,102,1929,51320,124344,970
28,TAMAULIPAS,15,VICTORIA,PT,889,49289,102,1929,51320,124344,889
28,TAMAULIPAS,15,VICTORIA,MC,2515,49289,102,1929,51320,124344,2515
28,TAMAULIPAS,15,VICTORIA,MORENA,14006,49289,102,1929,51320,124344,14006
28,TAMAULIPAS,15,VICTORIA,CAND_IND1,NA,49289,102,1929,51320,124344,0
28,TAMAULIPAS,16,XICOTÉNCATL,PAN,37534,58230,42,1577,59849,126650,37534
28,TAMAULIPAS,16,XICOTÉNCATL,PRI,5186,58230,42,1577,59849,126650,5186
28,TAMAULIPAS,16,XICOTÉNCATL,PRD,815,58230,42,1577,59849,126650,815
28,TAMAULIPAS,16,XICOTÉNCATL,PVEM,390,58230,42,1577,59849,126650,390
28,TAMAULIPAS,16,XICOTÉNCATL,PT,659,58230,42,1577,59849,126650,659
28,TAMAULIPAS,16,XICOTÉNCATL,MC,1152,58230,42,1577,59849,126650,1152
28,TAMAULIPAS,16,XICOTÉNCATL,MORENA,12494,58230,42,1577,59849,126650,12494
28,TAMAULIPAS,16,XICOTÉNCATL,CAND_IND1,NA,58230,42,1577,59849,126650,0
28,TAMAULIPAS,17,EL MANTE,PAN,27447,48188,50,1572,49810,117665,27447
28,TAMAULIPAS,17,EL MANTE,PRI,4018,48188,50,1572,49810,117665,4018
28,TAMAULIPAS,17,EL MANTE,PRD,555,48188,50,1572,49810,117665,555
28,TAMAULIPAS,17,EL MANTE,PVEM,726,48188,50,1572,49810,117665,726
28,TAMAULIPAS,17,EL MANTE,PT,1066,48188,50,1572,49810,117665,1066
28,TAMAULIPAS,17,EL MANTE,MC,1367,48188,50,1572,49810,117665,1367
28,TAMAULIPAS,17,EL MANTE,MORENA,13009,48188,50,1572,49810,117665,13009
28,TAMAULIPAS,17,EL MANTE,CAND_IND1,NA,48188,50,1572,49810,117665,0
28,TAMAULIPAS,18,ALTAMIRA,PAN,23510,43614,46,1387,45047,123770,23510
28,TAMAULIPAS,18,ALTAMIRA,PRI,4215,43614,46,1387,45047,123770,4215
28,TAMAULIPAS,18,ALTAMIRA,PRD,464,43614,46,1387,45047,123770,464
28,TAMAULIPAS,18,ALTAMIRA,PVEM,727,43614,46,1387,45047,123770,727
28,TAMAULIPAS,18,ALTAMIRA,PT,474,43614,46,1387,45047,123770,474
28,TAMAULIPAS,18,ALTAMIRA,MC,2593,43614,46,1387,45047,123770,2593
28,TAMAULIPAS,18,ALTAMIRA,MORENA,11631,43614,46,1387,45047,123770,11631
28,TAMAULIPAS,18,ALTAMIRA,CAND_IND1,NA,43614,46,1387,45047,123770,0
28,TAMAULIPAS,19,MIRAMAR,PAN,16348,31347,36,1073,32456,110802,16348
28,TAMAULIPAS,19,MIRAMAR,PRI,1636,31347,36,1073,32456,110802,1636
28,TAMAULIPAS,19,MIRAMAR,PRD,350,31347,36,1073,32456,110802,350
28,TAMAULIPAS,19,MIRAMAR,PVEM,519,31347,36,1073,32456,110802,519
28,TAMAULIPAS,19,MIRAMAR,PT,1824,31347,36,1073,32456,110802,1824
28,TAMAULIPAS,19,MIRAMAR,MC,642,31347,36,1073,32456,110802,642
28,TAMAULIPAS,19,MIRAMAR,MORENA,10028,31347,36,1073,32456,110802,10028
28,TAMAULIPAS,19,MIRAMAR,CAND_IND1,NA,31347,36,1073,32456,110802,0
28,TAMAULIPAS,2,NUEVO LAREDO,PAN,16177,35563,20,1273,36856,129883,16177
28,TAMAULIPAS,2,NUEVO LAREDO,PRI,5049,35563,20,1273,36856,129883,5049
28,TAMAULIPAS,2,NUEVO LAREDO,PRD,192,35563,20,1273,36856,129883,192
28,TAMAULIPAS,2,NUEVO LAREDO,PVEM,453,35563,20,1273,36856,129883,453
28,TAMAULIPAS,2,NUEVO LAREDO,PT,310,35563,20,1273,36856,129883,310
28,TAMAULIPAS,2,NUEVO LAREDO,MC,704,35563,20,1273,36856,129883,704
28,TAMAULIPAS,2,NUEVO LAREDO,MORENA,9616,35563,20,1273,36856,129883,9616
28,TAMAULIPAS,2,NUEVO LAREDO,CAND_IND1,3062,35563,20,1273,36856,129883,3062
28,TAMAULIPAS,20,CIUDAD MADERO,PAN,15750,38575,57,962,39594,126680,15750
28,TAMAULIPAS,20,CIUDAD MADERO,PRI,2961,38575,57,962,39594,126680,2961
28,TAMAULIPAS,20,CIUDAD MADERO,PRD,909,38575,57,962,39594,126680,909
28,TAMAULIPAS,20,CIUDAD MADERO,PVEM,1969,38575,57,962,39594,126680,1969
28,TAMAULIPAS,20,CIUDAD MADERO,PT,2693,38575,57,962,39594,126680,2693
28,TAMAULIPAS,20,CIUDAD MADERO,MC,1734,38575,57,962,39594,126680,1734
28,TAMAULIPAS,20,CIUDAD MADERO,MORENA,12559,38575,57,962,39594,126680,12559
28,TAMAULIPAS,20,CIUDAD MADERO,CAND_IND1,NA,38575,57,962,39594,126680,0
28,TAMAULIPAS,21,TAMPICO,PAN,21726,38027,48,1195,39270,119672,21726
28,TAMAULIPAS,21,TAMPICO,PRI,1708,38027,48,1195,39270,119672,1708
28,TAMAULIPAS,21,TAMPICO,PRD,455,38027,48,1195,39270,119672,455
28,TAMAULIPAS,21,TAMPICO,PVEM,802,38027,48,1195,39270,119672,802
28,TAMAULIPAS,21,TAMPICO,PT,527,38027,48,1195,39270,119672,527
28,TAMAULIPAS,21,TAMPICO,MC,921,38027,48,1195,39270,119672,921
28,TAMAULIPAS,21,TAMPICO,MORENA,11888,38027,48,1195,39270,119672,11888
28,TAMAULIPAS,21,TAMPICO,CAND_IND1,NA,38027,48,1195,39270,119672,0
28,TAMAULIPAS,22,TAMPICO,PAN,24701,42875,41,1134,44050,129456,24701
28,TAMAULIPAS,22,TAMPICO,PRI,3548,42875,41,1134,44050,129456,3548
28,TAMAULIPAS,22,TAMPICO,PRD,390,42875,41,1134,44050,129456,390
28,TAMAULIPAS,22,TAMPICO,PVEM,644,42875,41,1134,44050,129456,644
28,TAMAULIPAS,22,TAMPICO,PT,565,42875,41,1134,44050,129456,565
28,TAMAULIPAS,22,TAMPICO,MC,1080,42875,41,1134,44050,129456,1080
28,TAMAULIPAS,22,TAMPICO,MORENA,11947,42875,41,1134,44050,129456,11947
28,TAMAULIPAS,22,TAMPICO,CAND_IND1,NA,42875,41,1134,44050,129456,0
28,TAMAULIPAS,3,NUEVO LAREDO,PAN,19397,34395,57,1306,35758,119027,19397
28,TAMAULIPAS,3,NUEVO LAREDO,PRI,3834,34395,57,1306,35758,119027,3834
28,TAMAULIPAS,3,NUEVO LAREDO,PRD,251,34395,57,1306,35758,119027,251
28,TAMAULIPAS,3,NUEVO LAREDO,PVEM,407,34395,57,1306,35758,119027,407
28,TAMAULIPAS,3,NUEVO LAREDO,PT,341,34395,57,1306,35758,119027,341
28,TAMAULIPAS,3,NUEVO LAREDO,MC,809,34395,57,1306,35758,119027,809
28,TAMAULIPAS,3,NUEVO LAREDO,MORENA,9356,34395,57,1306,35758,119027,9356
28,TAMAULIPAS,3,NUEVO LAREDO,CAND_IND1,NA,34395,57,1306,35758,119027,0
28,TAMAULIPAS,4,REYNOSA,PAN,17663,30194,36,1200,31430,118951,17663
28,TAMAULIPAS,4,REYNOSA,PRI,2444,30194,36,1200,31430,118951,2444
28,TAMAULIPAS,4,REYNOSA,PRD,586,30194,36,1200,31430,118951,586
28,TAMAULIPAS,4,REYNOSA,PVEM,364,30194,36,1200,31430,118951,364
28,TAMAULIPAS,4,REYNOSA,PT,358,30194,36,1200,31430,118951,358
28,TAMAULIPAS,4,REYNOSA,MC,635,30194,36,1200,31430,118951,635
28,TAMAULIPAS,4,REYNOSA,MORENA,8144,30194,36,1200,31430,118951,8144
28,TAMAULIPAS,4,REYNOSA,CAND_IND1,NA,30194,36,1200,31430,118951,0
28,TAMAULIPAS,5,REYNOSA,PAN,14773,29080,46,1015,30141,120886,14773
28,TAMAULIPAS,5,REYNOSA,PRI,1774,29080,46,1015,30141,120886,1774
28,TAMAULIPAS,5,REYNOSA,PRD,558,29080,46,1015,30141,120886,558
28,TAMAULIPAS,5,REYNOSA,PVEM,447,29080,46,1015,30141,120886,447
28,TAMAULIPAS,5,REYNOSA,PT,394,29080,46,1015,30141,120886,394
28,TAMAULIPAS,5,REYNOSA,MC,785,29080,46,1015,30141,120886,785
28,TAMAULIPAS,5,REYNOSA,MORENA,10349,29080,46,1015,30141,120886,10349
28,TAMAULIPAS,5,REYNOSA,CAND_IND1,NA,29080,46,1015,30141,120886,0
28,TAMAULIPAS,6,REYNOSA,PAN,16862,32266,35,1642,33943,128235,16862
28,TAMAULIPAS,6,REYNOSA,PRI,2805,32266,35,1642,33943,128235,2805
28,TAMAULIPAS,6,REYNOSA,PRD,1007,32266,35,1642,33943,128235,1007
28,TAMAULIPAS,6,REYNOSA,PVEM,491,32266,35,1642,33943,128235,491
28,TAMAULIPAS,6,REYNOSA,PT,481,32266,35,1642,33943,128235,481
28,TAMAULIPAS,6,REYNOSA,MC,1518,32266,35,1642,33943,128235,1518
28,TAMAULIPAS,6,REYNOSA,MORENA,9102,32266,35,1642,33943,128235,9102
28,TAMAULIPAS,6,REYNOSA,CAND_IND1,NA,32266,35,1642,33943,128235,0
28,TAMAULIPAS,7,REYNOSA,PAN,15649,30556,84,1258,31898,121661,15649
28,TAMAULIPAS,7,REYNOSA,PRI,1385,30556,84,1258,31898,121661,1385
28,TAMAULIPAS,7,REYNOSA,PRD,750,30556,84,1258,31898,121661,750
28,TAMAULIPAS,7,REYNOSA,PVEM,595,30556,84,1258,31898,121661,595
28,TAMAULIPAS,7,REYNOSA,PT,736,30556,84,1258,31898,121661,736
28,TAMAULIPAS,7,REYNOSA,MC,1128,30556,84,1258,31898,121661,1128
28,TAMAULIPAS,7,REYNOSA,MORENA,10313,30556,84,1258,31898,121661,10313
28,TAMAULIPAS,7,REYNOSA,CAND_IND1,NA,30556,84,1258,31898,121661,0
28,TAMAULIPAS,8,RIO BRAVO,PAN,15323,33999,31,1556,35586,132489,15323
28,TAMAULIPAS,8,RIO BRAVO,PRI,4621,33999,31,1556,35586,132489,4621
28,TAMAULIPAS,8,RIO BRAVO,PRD,814,33999,31,1556,35586,132489,814
28,TAMAULIPAS,8,RIO BRAVO,PVEM,742,33999,31,1556,35586,132489,742
28,TAMAULIPAS,8,RIO BRAVO,PT,2002,33999,31,1556,35586,132489,2002
28,TAMAULIPAS,8,RIO BRAVO,MC,1638,33999,31,1556,35586,132489,1638
28,TAMAULIPAS,8,RIO BRAVO,MORENA,8859,33999,31,1556,35586,132489,8859
28,TAMAULIPAS,8,RIO BRAVO,CAND_IND1,NA,33999,31,1556,35586,132489,0
28,TAMAULIPAS,9,VALLE HERMOSO,PAN,15108,34482,1519,1613,37614,106787,15108
28,TAMAULIPAS,9,VALLE HERMOSO,PRI,6294,34482,1519,1613,37614,106787,6294
28,TAMAULIPAS,9,VALLE HERMOSO,PRD,331,34482,1519,1613,37614,106787,331
28,TAMAULIPAS,9,VALLE HERMOSO,PVEM,860,34482,1519,1613,37614,106787,860
28,TAMAULIPAS,9,VALLE HERMOSO,PT,584,34482,1519,1613,37614,106787,584
28,TAMAULIPAS,9,VALLE HERMOSO,MC,968,34482,1519,1613,37614,106787,968
28,TAMAULIPAS,9,VALLE HERMOSO,MORENA,10337,34482,1519,1613,37614,106787,10337
28,TAMAULIPAS,9,VALLE HERMOSO,CAND_IND1,NA,34482,1519,1613,37614,106787,0
